,DCmean,DCstd,clustermean,clusterstd,modularity,transitivity,eig_mean,eig_std,closenessmean,closenessstd,time,num_nodes,num_edges,token
0,0.0064116652174328005,0.032427875558058074,0.0043672361071195745,0.06600949334338081,0.4919076672271074,5.82773223512957e-05,0.027397960499181955,0.03789317895878209,0.29504358808817105,0.0677557896813008,2020-10-10,458,671,AAVE
1,0.007817214713766445,0.035972474713993605,0.010656809019904257,0.10246100773925527,0.48413048873646636,0.00016782277914522266,0.030560394383539694,0.04142589649820331,0.289898055246306,0.07611323389392395,2020-10-11,378,557,AAVE
2,0.006095059485436361,0.030070473723827883,0.025754732964114374,0.15385548253879314,0.5216204902202496,0.0004201092283993838,0.027973083623376582,0.03779106763543049,0.2869170992930329,0.08041697334443447,2020-10-12,453,624,AAVE
3,0.005185077499255857,0.027244086942322304,0.014916690841607698,0.1098173777792292,0.5042023097998043,0.0005611672278338945,0.025799934066186844,0.03457341823376719,0.2754817871640933,0.07943278189935661,2020-10-13,538,749,AAVE
4,0.003981008760603182,0.02177293586920221,0.015086598915096287,0.11131561506190414,0.5741291867363075,0.0005909549136162964,0.021095337663610377,0.031061170311392616,0.28083920045847927,0.054739532461919815,2020-10-14,710,1002,AAVE
5,0.0027155449185686615,0.014460400587293325,0.015144567794344864,0.11165861150365067,0.6436170724007446,0.0006035074432584668,0.018224343705895915,0.02736047005580786,0.21828847704146412,0.07662178311096222,2020-10-15,926,1163,AAVE
6,0.003315783577909722,0.017291135497311323,0.015875952126686143,0.11416140573060367,0.6246305772126237,0.0006765899864682003,0.01937138102344982,0.02983449985410595,0.24575913631744656,0.06835014460563436,2020-10-16,791,1036,AAVE
7,0.004229971220132585,0.021132627156838307,0.021690199016306925,0.13112459458994802,0.570531565454254,0.0011809301647470478,0.02242906669043706,0.03147941097968978,0.2622042379515566,0.07094931360718389,2020-10-17,670,948,AAVE
8,0.004066563961638347,0.019915168703164437,0.019259915948689837,0.12675511830446723,0.5921935284304096,0.0009357454772301934,0.02195813013181753,0.03223626305652527,0.24668868777250547,0.07881779664313052,2020-10-18,658,879,AAVE
9,0.0036488186262105594,0.017373794232745793,0.024090866166629532,0.13854664297737013,0.6250286608924025,0.0012510425354462051,0.01984940602580566,0.030991623976220455,0.22618661373190369,0.08004046730220311,2020-10-19,739,995,AAVE
10,0.003037358167416015,0.01459588661376774,0.024471318378696524,0.13966717980998214,0.6435548914203657,0.0013608142205086043,0.018554918034797217,0.028508313631982106,0.22056537419883054,0.08233467557718441,2020-10-20,865,1135,AAVE
11,0.0032679454279210215,0.01580715757156738,0.02129126309870109,0.1347374279873288,0.6393405709183873,0.0006133714986710284,0.01853308781858992,0.029341610509668412,0.244186980124206,0.06954057142383395,2020-10-21,831,1127,AAVE
12,0.0031567263177842675,0.015416845476960093,0.020137208196058385,0.12713276765041182,0.6310596989016993,0.0009700450100884681,0.017677205781287182,0.029176993910311744,0.23569637913294833,0.07251721050209343,2020-10-22,860,1166,AAVE
13,0.0033246563456181977,0.015212524162171235,0.014007760573146911,0.10486774525388182,0.6648217472393303,0.001042012030502534,0.017920000326646035,0.03021663510663357,0.22928124169486283,0.065538832778706,2020-10-23,811,1092,AAVE
14,0.0040719268049641795,0.018327598607967052,0.028180180508675604,0.14968908402494574,0.6296936034476563,0.0017751479289940828,0.020209839600784166,0.0331205580086375,0.23342089547974076,0.07605503439494747,2020-10-24,665,899,AAVE
15,0.004355271565495188,0.01737451317781689,0.03590294543864052,0.1656885440967804,0.6312336066477108,0.0029751807291802596,0.022689156680891644,0.032929902711373485,0.23118453972038128,0.07303514867549654,2020-10-25,626,852,AAVE
16,0.004139619459767016,0.01566034748961412,0.012787260447296164,0.10573053065046441,0.6816176747337118,0.00057095730508152,0.01990916805252344,0.03461053571103889,0.20971969125201184,0.05707964160180651,2020-10-26,628,815,AAVE
17,0.004346906647242656,0.015354843749641732,0.01575587329254714,0.11880160309758614,0.68872169466764,0.0008575979090946216,0.021806168176426843,0.03519859757667051,0.20286936636863512,0.07385800542131771,2020-10-27,584,740,AAVE
18,0.004293666702028555,0.015543416697483926,0.03042326834251424,0.1580167858062975,0.6623094860837966,0.0029961161457370076,0.022387796240750345,0.034208028774333044,0.21767635657946532,0.0704058824525572,2020-10-28,599,769,AAVE
19,0.004312702246934934,0.015727014188645045,0.04773579406582161,0.19894339740837594,0.6788110615322601,0.004471938585376761,0.02048350624536021,0.03562171277708501,0.2215789015819397,0.07020219743665498,2020-10-29,593,757,AAVE
20,0.004253810705423638,0.016162020076205538,0.03661503129121529,0.16710812850189008,0.6428518518518526,0.0032838530542503206,0.02342533424013336,0.031446319802909406,0.23273971216640615,0.06819266483449757,2020-10-30,651,900,AAVE
21,0.0043944715740922785,0.01668792449149321,0.03543370155692518,0.16910950478772227,0.6363335960311667,0.002868240215118016,0.023594172190551318,0.032767793286679496,0.22004360017143224,0.07560765249664661,2020-10-31,614,827,AAVE
22,0.004937898913231036,0.017387343824170485,0.028506853911926085,0.14476991316547747,0.6693204426561915,0.003358449946178687,0.02578542458536428,0.035091073487357176,0.21696907242021832,0.07495185763309813,2020-11-01,528,687,AAVE
23,0.004770544943018482,0.01603791852313021,0.029269215868210078,0.14862503497385338,0.6710152514995819,0.0036127836961556276,0.025605713628560674,0.034469641551186495,0.20553934076998479,0.07086511504533434,2020-11-02,543,702,AAVE
24,0.004903063290000455,0.016105518381990976,0.04950546641164854,0.20195477445666413,0.6880991124952064,0.005579467559381476,0.022433614777600353,0.03786478707653513,0.20309210048190868,0.07528251833005835,2020-11-03,517,654,AAVE
25,0.005073727604249237,0.016187291959738948,0.02055304337719592,0.13194894912300442,0.6946343315972227,0.0020073603211776514,0.023017654682349092,0.039622151099368556,0.1924138018370953,0.07708032309689779,2020-11-04,477,576,AAVE
26,0.0024066310975609756,0.012054441437304397,0.033557065070437674,0.16499742046493718,0.7126113283294754,0.0024041471538403746,0.014702107691943533,0.02757171455506034,0.2218287520739283,0.07310617976017814,2020-11-05,1025,1263,AAVE
27,0.0021870010903761927,0.011314949436625836,0.020498281569795745,0.1259385917018642,0.7258584183673482,0.001647846708003676,0.013773564973611803,0.02634946808575359,0.19968395103864922,0.08316402440058432,2020-11-06,1132,1400,AAVE
28,0.002327526994430229,0.010584677660593457,0.034594576779781845,0.1653209370459182,0.7040962883270597,0.003173793894589255,0.013625142731846517,0.02677153361591976,0.203164677582543,0.08054975663422571,2020-11-07,1109,1430,AAVE
29,0.0022868364273658146,0.010541391990018021,0.04007546776917982,0.18179301257972588,0.7021510391607108,0.003198529411764706,0.013774082996970837,0.026423580562437585,0.20148927801632086,0.07780961009986086,2020-11-08,1127,1451,AAVE
30,0.002251901663501497,0.010069843580185835,0.030568227365590523,0.1602852841390393,0.7062776479276555,0.0027507457577387647,0.01327648080928295,0.02617077909399116,0.19643464625370596,0.07939764874813979,2020-11-09,1162,1519,AAVE
31,0.0015971749282721655,0.009269105015609938,0.044402991063775425,0.19339575802431272,0.7090950305336962,0.002004221778087175,0.011289145305829503,0.022330460631748855,0.20948482465399135,0.07625244212875101,2020-11-10,1598,2038,AAVE
32,0.0021282255919127533,0.010305036710714434,0.046210344863682216,0.19223139167951347,0.7008684053135222,0.003944423722491607,0.012817075785026475,0.02517292311195337,0.21549833634321416,0.07575799100496433,2020-11-11,1254,1672,AAVE
33,0.0031368837951036,0.01144357942701459,0.03787062359200297,0.1801392253703108,0.713666777635599,0.004800371641675485,0.015602964522928487,0.031071578019293708,0.19885146089100494,0.07264741517909165,2020-11-12,828,1074,AAVE
34,0.0026148015395011325,0.010679093891395337,0.0283411458354945,0.15667657083347744,0.7043487775112587,0.002559894978667542,0.014144872320097814,0.028103798684531146,0.20268617962381622,0.07489742588348333,2020-11-13,1011,1335,AAVE
35,0.002804780666151845,0.010728372283465917,0.030721410842652744,0.1610147821998536,0.6947269511726252,0.003407581387289914,0.014787701070829034,0.028816876645778575,0.20149332322305194,0.07909136174549092,2020-11-14,954,1275,AAVE
36,0.0024800405918960853,0.010461047659246766,0.05007987657914519,0.19997035433326207,0.6971569548985953,0.0050168646013434995,0.013830447495754005,0.027164480136799313,0.19221978795500788,0.08417084837140998,2020-11-15,1077,1437,AAVE
37,0.0023551968957626164,0.009889809043051926,0.02804046499023829,0.15135156754157617,0.715724547941096,0.0027014858171994596,0.013447573787304032,0.026861247635602672,0.1981207156875197,0.07462477928174009,2020-11-16,1109,1447,AAVE
38,0.0021027998924596273,0.00923774855617036,0.036866716250993796,0.1772124968462991,0.7316971825322341,0.003217761006939509,0.012526510500890202,0.025912486296190525,0.17749563636896498,0.08015051380587067,2020-11-17,1208,1533,AAVE
39,0.0024152419205665855,0.009882750464654467,0.03678793923788721,0.17475938812567635,0.7113057759433844,0.0035816501758115953,0.01360733512020817,0.027452389847266213,0.1942182444817329,0.07943313471547458,2020-11-18,1066,1371,AAVE
40,0.002063078757906692,0.00886255620696429,0.037548659702303436,0.17229644817159467,0.7141723071015245,0.0033962264150943396,0.012664736923461836,0.025099631027994115,0.19594141824533448,0.07593238090856444,2020-11-19,1266,1652,AAVE
41,0.0021649067065383607,0.009019339322678021,0.035302065685654395,0.17292505667079586,0.7210079727406622,0.0033151049783243136,0.012859243293282457,0.026004836312493694,0.19398362503084818,0.06948926708501942,2020-11-20,1189,1529,AAVE
42,0.0022351349829816316,0.009271800101585976,0.03646720304957035,0.17461465009630642,0.7325505419236038,0.0038534494346780575,0.012839470074879213,0.02660083659080746,0.18131464552595608,0.07963066361765567,2020-11-21,1147,1469,AAVE
43,0.0023077519034831505,0.009321776965446282,0.03713779024283996,0.17561012458403502,0.7241290816326544,0.004090183559457302,0.012709704590529555,0.02732365101149022,0.19201624822154437,0.0702603081906419,2020-11-22,1102,1400,AAVE
44,0.002610135362833846,0.009917335806007637,0.030873982415893453,0.16121218124483525,0.7250742600203607,0.0038291728568140447,0.013673401538249396,0.028920376562865724,0.192123341373094,0.07314396423217885,2020-11-23,978,1247,AAVE
45,0.002255939174197793,0.008718768485488191,0.042772764793766245,0.1909083650728828,0.7428560832027734,0.00425632537242847,0.012042598765137033,0.02783533005984155,0.17471876597825492,0.07347559390493619,2020-11-24,1088,1334,AAVE
46,0.002473526473526391,0.009573168151220633,0.02245213099127304,0.13150190411459364,0.7272611904656254,0.0031481520347555986,0.013200012738367947,0.028733002338262963,0.193483547211611,0.06949665554971675,2020-11-25,1001,1238,AAVE
47,0.002247701214666866,0.009293902711973773,0.03695369923743238,0.17459564286567822,0.7318990125724126,0.003978662579941646,0.01279189688913671,0.026580951451129268,0.19685320097971992,0.08021614789346194,2020-11-26,1150,1485,AAVE
48,0.002404811000115437,0.008958280141579221,0.03941579530083217,0.18045705924019412,0.7408218631209916,0.005502273508845669,0.012572373850414983,0.027754166511892164,0.17229190996933066,0.070630977985392,2020-11-27,1078,1396,AAVE
49,0.002105873883940523,0.007927477183358263,0.014908602108037537,0.11293902238500314,0.7740402595857163,0.0016666666666666668,0.011818730557730967,0.027140732788268902,0.1592725891633031,0.07467438644357652,2020-11-28,1142,1372,AAVE
50,0.002594187522103648,0.009484044689153329,0.03226679105296252,0.16697745424214236,0.7378436394901902,0.0033899837280781052,0.013954187263859778,0.028731343996828924,0.1755448744185815,0.07819551920578344,2020-11-29,981,1247,AAVE
51,0.001994392721777838,0.008559111610899634,0.030712068158163172,0.15681203707793392,0.7278038542053425,0.0043486209778520685,0.011930723333195167,0.025457005937320983,0.1775591712697095,0.08290452656736522,2020-11-30,1266,1597,AAVE
52,0.0025614350341262118,0.009242360032831465,0.023426592373021183,0.13510779094406178,0.7276905325443777,0.0026280633363264055,0.01337624447304296,0.028529757500311517,0.18530428819408362,0.07111151195805335,2020-12-01,1008,1300,AAVE
53,0.0015303061836612372,0.00800496950502844,0.033646965495213205,0.16829003701026546,0.731195903114189,0.0025157814109505825,0.010649117111707622,0.022062826911677304,0.19669204707279095,0.07932718310734646,2020-12-02,1667,2125,AAVE
54,0.001640489640934486,0.008066087374526083,0.040039296394509455,0.18107572853772896,0.7322492682029463,0.0031764620950211365,0.010884230173262862,0.022930047949284906,0.18069566758114436,0.08284143805039862,2020-12-03,1553,1977,AAVE
55,0.002014800893920372,0.008482955612124431,0.040977629414616884,0.17977378790849913,0.7259737917013797,0.004626151595429204,0.012013788122890353,0.025381067792129845,0.19364649560464722,0.07810290729208404,2020-12-04,1269,1621,AAVE
56,0.0012586055587958229,0.005735275551909773,0.023504035459715748,0.143414518943092,0.7918567092333262,0.0023493351970831195,0.008405362626836105,0.021248675196023477,0.1758575406825268,0.06749812655504041,2020-12-05,1916,2309,AAVE
57,0.0007192999075559051,0.004915517834946314,0.030339976322182233,0.16559012663567776,0.8388777475389346,0.0008824437809774536,0.006935551817200292,0.01679033201231205,0.18251319026377602,0.07668375631797449,2020-12-06,3031,3303,AAVE
58,0.001488926112041676,0.007017380551267329,0.017503293754729813,0.11793103079506036,0.7725641765117762,0.0014716270308453025,0.010046373541741207,0.02295969695300982,0.16202770432627897,0.08044449492117435,2020-12-07,1593,1888,AAVE
59,0.0018979313036690283,0.0073807666139721955,0.027817529175614114,0.14787806369736542,0.76500555937378,0.00389242745930644,0.010944308827869816,0.025717280723264114,0.1570507566578715,0.07705835324097018,2020-12-08,1281,1556,AAVE
60,0.0023160852291750494,0.009497156824919296,0.0345866999756555,0.16653927922114875,0.7311212217456877,0.0038154819194280215,0.01299663877447372,0.02757350953936223,0.17255265594952104,0.08009892382624857,2020-12-09,1077,1342,AAVE
61,0.0025694964356629134,0.009845381387827652,0.027580663125514274,0.15703249157083846,0.7220184820542535,0.0017714611500244338,0.013844146680854852,0.02858719883607303,0.1727998108878103,0.08233130313852478,2020-12-10,992,1263,AAVE
62,0.0023847847596750096,0.010520015016199447,0.03899147501774509,0.18017330493557665,0.7387329583744394,0.003038256354662939,0.01386541696421686,0.027226412241260954,0.20338128722450452,0.07415047658814992,2020-12-11,1072,1369,AAVE
63,0.0021980018165304533,0.008547380259582939,0.01946158098794659,0.12724225472898046,0.7674150085715347,0.0018413289247035064,0.012359673748723475,0.027498918156777307,0.14644370321896988,0.07850014701053448,2020-12-12,1101,1331,AAVE
64,0.0027026836473538125,0.010791661525797332,0.03451946696996293,0.16926805649591073,0.7178733459357273,0.0034847620857885067,0.014613702483188664,0.029509435287560025,0.18077227908128074,0.0824837978515038,2020-12-13,923,1150,AAVE
65,0.0026371826371826682,0.011463400379422192,0.03990614850512466,0.18227631965338864,0.7179235337512966,0.0033676333021515435,0.015034403735443418,0.02925701901752622,0.191924648890616,0.08249226592338728,2020-12-14,925,1127,AAVE
66,0.0021263582866178844,0.00864092092058409,0.03459757426311253,0.17048592703988583,0.7663232024626815,0.0030699510269717126,0.01226293347598361,0.027202178293975,0.15733344230768073,0.06442863285498336,2020-12-15,1124,1342,AAVE
67,0.0013578093536401829,0.004957080497119519,0.02399283604067881,0.14025798356182193,0.8011390083782657,0.004109385572590893,0.008000832823469549,0.023055176488553444,0.12447277540334574,0.06650532287343908,2020-12-16,1680,1915,AAVE
68,0.0015381097877824367,0.005264807915766117,0.013815897080907637,0.1050038476922736,0.8111398077614301,0.0031002908024706194,0.008528876744979317,0.025118456137098462,0.1254942098181302,0.07119402279692531,2020-12-17,1422,1554,AAVE
69,0.00140000919714068,0.004914183645365319,0.012978097279096226,0.1064416044701532,0.8200164573972417,0.0016557022385094264,0.008286710724964836,0.024166652979652155,0.10175698599253104,0.06906601649785432,2020-12-18,1533,1644,AAVE
70,0.0012794486207387936,0.004954122353953239,0.013145958114987732,0.10583508761192839,0.7985940618062812,0.001312871980394445,0.008135725347949829,0.02245490750229674,0.11524676117626538,0.07236542802287126,2020-12-19,1754,1967,AAVE
71,0.0015272990564686138,0.005945608405376267,0.011489552030386312,0.0955405575598462,0.7912688614540443,0.0015387608553387928,0.009385264704660164,0.024467723566726864,0.12459260468875308,0.07430575951971176,2020-12-20,1457,1620,AAVE
72,0.001971419183718205,0.006543141332155213,0.022171069518147013,0.13592141046507267,0.7998394231941077,0.0043483740862112425,0.010772470053744492,0.027840906202612585,0.1163762442192867,0.07221963571177784,2020-12-21,1123,1242,AAVE
73,0.001885985867679291,0.006211749504608788,0.02185425354535233,0.13721570707413638,0.8015846364883383,0.0037174721189591076,0.010283447856604958,0.02702374293785524,0.11695512056709548,0.07011606374275031,2020-12-22,1197,1350,AAVE
74,0.001800110464203017,0.005695535948687998,0.023862364165117077,0.1397310774835825,0.7954917218895616,0.005393934034839508,0.009741253738221808,0.026480384600337255,0.11835158990041612,0.07248657614641689,2020-12-23,1257,1421,AAVE
75,0.0018094770863829024,0.005878650390562309,0.018469834499044806,0.12188226408718407,0.811813935057693,0.004567164179104477,0.009895116772031969,0.026789316623686825,0.11390427455729514,0.07341009430810307,2020-12-24,1227,1361,AAVE
76,0.0021099459802986597,0.0060203720764022105,0.023587204700752904,0.14185810983606706,0.8026019741617068,0.005509765275040315,0.010953694281305382,0.02886504892179596,0.11171034525039089,0.07225222523481079,2020-12-25,1050,1162,AAVE
77,0.0016884851843591453,0.005588551267345439,0.016442020504407164,0.11469372688792773,0.8049542479064303,0.0027077907006730793,0.009665461170478978,0.02563707228062513,0.12120412346522641,0.07257896136402968,2020-12-26,1333,1499,AAVE
78,0.0017428882255289555,0.005657222951726378,0.012619279505811938,0.10125884727658263,0.8023460067039125,0.003458571048508676,0.009534104679283893,0.02648436986321532,0.11970206116608559,0.07022231469276599,2020-12-27,1263,1389,AAVE
79,0.0017077052483797336,0.005078736147277442,0.01997843820426115,0.13057047656130222,0.8078645511298548,0.0052669627181658575,0.00909824062195972,0.026369825855569864,0.11098168605055711,0.06862236546794287,2020-12-28,1286,1411,AAVE
80,0.0016897493028713282,0.00537370713029473,0.01296223790634661,0.10352566091812165,0.8188134090409795,0.0033082327735593432,0.009051519906010793,0.026466554230925803,0.11164174574430587,0.0704375180764892,2020-12-29,1279,1381,AAVE
81,0.001422520003322319,0.006605266747121752,0.03234566205214572,0.15730092118151281,0.7041020879392478,0.0018116647835742393,0.009959166618201521,0.020665879780767588,0.1654238498264108,0.0739552052384474,2020-12-30,1901,2569,AAVE
82,0.0016499036456271105,0.005135504499383749,0.01759297218057958,0.11642731720679818,0.7777912426035497,0.004513501595289357,0.00909826875749004,0.02509822462769538,0.1345390340673489,0.07181459333785774,2020-12-31,1404,1625,AAVE
83,0.0015255883180411878,0.005011394851912525,0.015346221118754935,0.11337829342112984,0.7967021980981356,0.0025717065937630322,0.00866324968395012,0.024469409030452867,0.12117823986582418,0.07129006060408959,2021-01-01,1485,1681,AAVE
84,0.0014887483326879124,0.00494161951407278,0.012740956000606016,0.10425507272017752,0.7918425273146444,0.002246052892343602,0.009737935493393197,0.02369131420233621,0.1360385368528806,0.07239825981967568,2021-01-02,1525,1730,AAVE
85,0.0013584036728844563,0.004901696598724249,0.020614574838401144,0.13315196982794875,0.7970946806791243,0.003712430709769287,0.011432247066327325,0.02158435676970301,0.1347756286871876,0.07416370412821476,2021-01-03,1677,1909,AAVE
86,0.0010257210663016402,0.004309906923461265,0.009625683621610278,0.08937661441342426,0.8039659648264441,0.0012616704516780217,0.009502883405085424,0.018896615972843707,0.13923857432399459,0.07257852424267086,2021-01-04,2236,2563,AAVE
87,0.0009150895364872551,0.003862634112726482,0.011243387949997932,0.09370585852590892,0.8205980724961713,0.002323528882004359,0.007850074294297554,0.018682308320528772,0.12862693364380284,0.07216407317947486,2021-01-05,2436,2714,AAVE
88,0.0010645001273645897,0.004342204329404845,0.01486254149562806,0.10740326167431705,0.8079679953414931,0.0022134455969792977,0.008381956085333679,0.020062971674846608,0.14193892268906189,0.07159953619427493,2021-01-06,2116,2382,AAVE
89,0.0011297296586891255,0.0042337605866586865,0.014378184865193629,0.11085059142114496,0.8204726255959817,0.0020857776039629773,0.009740412202817857,0.02044251033436277,0.12131074284144491,0.0734102091029143,2021-01-07,1951,2149,AAVE
90,0.001258678508653987,0.004410935593685904,0.013074015500830843,0.10054125996141398,0.8122599583400097,0.002922371194275695,0.009972904018000096,0.021567052750005238,0.12825844278160023,0.07210560092725936,2021-01-08,1772,1975,AAVE
91,0.001097498723838657,0.004839558054043061,0.009424284187677826,0.08308373073185676,0.8180417209432941,0.0019234383117959829,0.00798283233790808,0.021135429518141922,0.12451889512553105,0.078685887914144,2021-01-09,1960,2107,AAVE
92,0.0010761433340625045,0.004456719355919419,0.019118213433170255,0.12283702720834025,0.7993290880197473,0.0028417084013280065,0.007041381998258068,0.020216116315132336,0.1335069716535571,0.07706003164914564,2021-01-10,2183,2563,AAVE
93,0.0015908571683299461,0.005064847309503058,0.02197021119900069,0.13383015270383128,0.7916840042953031,0.004838822786881414,0.008283518566859781,0.024758832868964176,0.13588288924431435,0.07222911774235086,2021-01-11,1468,1713,AAVE
94,0.0012336521214613427,0.0043039274723220555,0.02096709659731657,0.13114885881638008,0.7959532888020645,0.00375,0.007443997993207123,0.021854207752417167,0.12622605111093121,0.0713003950134307,2021-01-12,1877,2172,AAVE
95,0.0009548112706007202,0.003823700231959141,0.02107121680302402,0.134651621508388,0.8046182668847093,0.002900895922958519,0.006518058435131227,0.019456352622164108,0.11489743349297758,0.07235592724602898,2021-01-13,2376,2694,AAVE
96,0.0010606435797062479,0.0038891282611256198,0.018015530066324382,0.11935436828553603,0.8005742715920874,0.0039179737043687915,0.006862108681343623,0.020381961987649452,0.12481834746917526,0.07329082979529741,2021-01-14,2163,2480,AAVE
97,0.001032578918531638,0.0035781883826927086,0.013067777141466765,0.10209510844220071,0.8092270661207562,0.003308741336910351,0.006421355514222972,0.02055648220418669,0.09962442407547041,0.06602904963055196,2021-01-15,2157,2401,AAVE
98,0.0006035120507729471,0.002799528616153002,0.011058238353563893,0.09462526680206866,0.8269115151778186,0.0021027896000161365,0.004884669267618264,0.015772179191979235,0.10419444763409658,0.0693094379022848,2021-01-16,3669,4061,AAVE
99,0.0008252032520325673,0.0035825303258804693,0.014175615739197575,0.10860605320229005,0.8219415116868121,0.0018365087884073528,0.006133835043032123,0.01853265470059851,0.10705402272925825,0.06967118236900849,2021-01-17,2625,2842,AAVE
100,0.0008701368893159361,0.003562699042043343,0.01620274393832245,0.11827938330158198,0.8370119365209835,0.001871042026482441,0.006093903056851727,0.018985886705161253,0.1182386780219909,0.06680423964369175,2021-01-18,2516,2753,AAVE
101,0.0009327860609116624,0.0034442802970756805,0.012622200047871937,0.10488211126761238,0.8210227598930203,0.0017874948320727644,0.00616965998603015,0.01958780770237831,0.11154839995651018,0.06697266214404597,2021-01-19,2372,2623,AAVE
102,0.0010730276582620439,0.003967551990299415,0.013091919797453284,0.10461244860566048,0.8185222348880957,0.002039169038616764,0.006881766549996059,0.0209805919619282,0.11250034361980922,0.0673448900758711,2021-01-20,2052,2258,AAVE
103,0.0011098184972149004,0.0037978631850498,0.013424352307811952,0.10367786677860363,0.7903121364146973,0.0027943604725009525,0.006585194522955937,0.020760489957412198,0.1155663896616357,0.07048630163019845,2021-01-21,2109,2467,AAVE
104,0.0010644334877169305,0.004025905128740417,0.019245948949914767,0.12401411907408162,0.8158390587346517,0.003295093971198438,0.006932938261560623,0.020901605422489828,0.11030486433231804,0.06782809806942583,2021-01-22,2063,2264,AAVE
105,0.0008687679896788355,0.0033493786266686576,0.014185653617346371,0.1104495304694159,0.8235544120097464,0.0021003212255992095,0.006040330901196932,0.018834448089682352,0.10603669212863057,0.06614163279611374,2021-01-23,2557,2839,AAVE
106,0.0005115489364096918,0.0028133427902464012,0.015342542825380282,0.11402995554944054,0.8199718338205474,0.0016124126240686545,0.004712035164970193,0.014356258483540827,0.11581286000182776,0.07039710738875561,2021-01-24,4381,4908,AAVE
107,0.0006296635769796715,0.0025488025178836953,0.012160027746234876,0.09908050900888242,0.827903674625982,0.002151551165935822,0.004704036092404377,0.016185075445646374,0.10520952956560274,0.06678099605360481,2021-01-25,3521,3902,AAVE
108,0.0006966402717190536,0.0027612505669136643,0.017417533881086453,0.11852237514849645,0.8195655920535457,0.0029346231183087876,0.005213951060422657,0.016902583299530607,0.09325131055396069,0.06547552602298416,2021-01-26,3197,3559,AAVE
109,0.0006949022967370946,0.0028081874228369505,0.014583364095366971,0.11247650702703657,0.8320777599503166,0.0023988820743731077,0.005142991056113541,0.017023419527133255,0.106061495742645,0.06558383861481334,2021-01-27,3163,3475,AAVE
110,0.0005931904734168692,0.0024629459085120965,0.01131299408516143,0.09745172418192219,0.8356531587377064,0.001779291344608556,0.004530553590781362,0.015833247732650303,0.10253447130405526,0.0651109066346795,2021-01-28,3688,4033,AAVE
111,0.000567795012031775,0.002131838868762707,0.010341063944941654,0.09033819178482236,0.8453905030310781,0.0028494358117092814,0.004162424452478174,0.01563269913176307,0.09603274539725418,0.06380128717739691,2021-01-29,3822,4146,AAVE
112,0.0005313473475123231,0.002382916065940646,0.007675164882208073,0.07947748852421292,0.8369913931315431,0.001282024556502887,0.004318863715861922,0.015132420398410023,0.10391552652497132,0.0644234246622872,2021-01-30,4039,4333,AAVE
113,0.0005794911130280677,0.0023414887086289295,0.00934615704157881,0.08940843573560951,0.8551657788564405,0.001684783010293433,0.004228362036094934,0.01604986363801087,0.09848119584308354,0.06154153623745073,2021-01-31,3631,3819,AAVE
114,0.0006677940536428274,0.002451582129724325,0.011690432259734219,0.09830870096685582,0.8662658798668382,0.0027672902007894284,0.004755647316434554,0.017310265805834935,0.0880127602515878,0.06048400894843346,2021-02-01,3104,3216,AAVE
115,0.0006549145988254584,0.002456522187976679,0.010912963952291625,0.09451228610991305,0.85574504685602,0.0025841293806800037,0.00475015191853001,0.017004402999137948,0.09844071390859492,0.06249508035554308,2021-02-02,3209,3371,AAVE
116,0.0005349184474649353,0.0022268367346612943,0.008554619216439775,0.08460904824086621,0.8506563940501484,0.0013605692327492691,0.004040020119535727,0.015292540490743538,0.10577437313033342,0.06346200401048155,2021-02-03,3998,4274,AAVE
117,0.00034838339307016075,0.0017367955948314568,0.015261950370312919,0.11299409527322214,0.852022624964256,0.001942843991768336,0.003239996327911999,0.012241729658446231,0.10863165787643084,0.061642150286515665,2021-02-04,6237,6775,AAVE
118,0.0003840263052150961,0.0016224505366554233,0.009388054759876384,0.0897179621566862,0.8693351944679014,0.0016944218762898243,0.0031772244345920895,0.01305657019212992,0.10401002061635181,0.05918018148395101,2021-02-05,5539,5890,AAVE
119,0.00044559285351963656,0.0019505292395358995,0.011246725329107839,0.09692219857118789,0.8579115588005567,0.00192789666473877,0.0036977953358219118,0.013933315000712862,0.10007802822893372,0.059380030395342905,2021-02-06,4813,5160,AAVE
120,0.0005123070319262936,0.002082009101942164,0.010466820974843107,0.09434855251823429,0.8482896106835767,0.0017055920678598231,0.0039597732833736065,0.014757972061488024,0.11494031300564717,0.05996970196473984,2021-02-07,4284,4700,AAVE
121,0.0005387187721709503,0.002070391745371347,0.013349273919794928,0.10641669043359739,0.8449639413988722,0.0026397337312062436,0.0039724956329016585,0.015040911277480383,0.11692338470263552,0.05889467375060524,2021-02-08,4133,4600,AAVE
122,0.0004906931988108093,0.001658136955296714,0.004499193287641965,0.06027355824206485,0.8566879865799496,0.0010948405638428905,0.0033377019142647453,0.0145234790853468,0.11569472455425929,0.054081247389570805,2021-02-09,4504,4976,AAVE
123,0.00046754749004823513,0.0016454940883213673,0.010512117236485905,0.09053560467258286,0.8378285020393318,0.002299189388356669,0.003311585393992506,0.01385174842063478,0.12144735322459095,0.05731519380959897,2021-02-10,4931,5683,AAVE
124,0.00048559478704293815,0.0019626498692591615,0.010835336223738914,0.09668047125459166,0.8458357251784011,0.0014839216326197591,0.0034318561935240584,0.01430956921484397,0.13035326614320947,0.05692577585498295,2021-02-11,4619,5179,AAVE
125,0.0004561917407343735,0.0021694568709049464,0.005310298009112838,0.06582716587155552,0.8627101720256354,0.0006841822475966649,0.0034338935792333674,0.01409252744296779,0.12179158545495516,0.05441551828214412,2021-02-12,4754,5154,AAVE
126,0.0004940740247525546,0.0016239812153355756,0.008729017689007221,0.08532649516585596,0.8605601977315445,0.0021347919649516885,0.0034068617373132853,0.014713695503461674,0.10672279450094257,0.054422930930270084,2021-02-13,4385,4749,AAVE
127,0.0005681683704279143,0.002090101574705367,0.00665865496133929,0.07553929942753006,0.8452722714086175,0.0011151725419738553,0.004117265637907901,0.015592361535811023,0.1110409205041829,0.05998760739325105,2021-02-14,3846,4201,AAVE
128,0.0005763869533822324,0.0020994569133974557,0.009656398643375955,0.08730311283471295,0.8692558581692589,0.002690560616503766,0.004116497587368112,0.015813684570502494,0.07029596715716616,0.05601471062420771,2021-02-15,3746,4043,AAVE
129,0.0003887850997585322,0.001152592973918031,0.003700846637932427,0.05183706416143064,0.889640676360484,0.001976718647045904,0.0026638590853091063,0.013195743644274793,0.07471563565675891,0.05014760186657545,2021-02-16,5519,5920,AAVE
130,0.0006287932507201739,0.00215349720694148,0.012576564730801721,0.10029573629100369,0.8468736556922569,0.0030580758917092164,0.004264801672250549,0.016225247034425724,0.1195533370450749,0.05660264489273291,2021-02-17,3554,3970,AAVE
131,0.0006958588727285613,0.002200778074121448,0.004892685761827107,0.056762990395001156,0.847291982845078,0.0029189348966672415,0.004360811986680196,0.017223062495767865,0.11548620386888822,0.05553969942800959,2021-02-18,3169,3493,AAVE
132,0.0005815309592073322,0.0019145930509226257,0.010041452412933787,0.09008621801117621,0.8596479027439876,0.002859431561229353,0.0038153039592723178,0.01595677102110404,0.10434978429246287,0.055418312945255316,2021-02-19,3716,4014,AAVE
133,0.0005400168197539041,0.0017260027736855396,0.009610458938369709,0.08712682533247669,0.8404693342111348,0.0029513785821509444,0.0035903833225663126,0.014972817900844983,0.1226609254019957,0.05628425231850217,2021-02-20,4219,4805,AAVE
134,0.0006879376249733017,0.0021700142877977262,0.007788530357851422,0.07982893694421031,0.8431623169884364,0.0025950343666713426,0.004260150759338423,0.01700747136828655,0.1178738642639768,0.05771167792102416,2021-02-21,3254,3641,AAVE
135,0.0007573261448005582,0.00232204151839353,0.009485528538347299,0.08844737708543196,0.8239633706910547,0.0029573984876088747,0.004624777347916921,0.017543326872974215,0.1139439505739577,0.06066678181834008,2021-02-22,3039,3496,AAVE
136,0.0007463766901941641,0.002468236190609709,0.010823583349233008,0.08960970881868631,0.8233213601780422,0.004057486557514047,0.004872885245862245,0.017435842290846174,0.11951266786451471,0.06019682089964479,2021-02-23,3052,3475,AAVE
137,0.0007366027023103878,0.002272749484260661,0.007803500914356536,0.07679872468105582,0.8420714156321576,0.003059485696581638,0.00449129900049297,0.017544172910834904,0.11753745319856294,0.057594271982241235,2021-02-24,3050,3425,AAVE
138,0.0008824993541150841,0.0024643971573919117,0.008462410351276178,0.0830604629765825,0.8348912976838918,0.0023674333557886632,0.004945446031518462,0.019300667970269303,0.11540248401648812,0.05564569531661938,2021-02-25,2520,2801,AAVE
139,0.000906143098457626,0.002622689249914923,0.010900923465232665,0.08834480623319206,0.8196963081202999,0.003761634542736348,0.00521355644935763,0.019031982142429325,0.12232559478305927,0.05908342771321373,2021-02-26,2569,2989,AAVE
140,0.0008002501956330907,0.0024077274382353795,0.007763504344082646,0.07651034099829186,0.8523937976411228,0.002402498598542484,0.004779710457909753,0.018535926951035613,0.11362439463917098,0.053322341177339784,2021-02-27,2730,2981,AAVE
141,0.0008751072072871479,0.002746236101138611,0.009854131680092157,0.0914812387173323,0.8299090042225219,0.002484897819287948,0.005389345823237476,0.018856276542320395,0.12166163816091394,0.05666066763900491,2021-02-28,2601,2959,AAVE
142,0.0008658923146830578,0.002605369854443043,0.013077467948747916,0.10293320980255079,0.8178324431800762,0.004583392276135238,0.00510503870393365,0.018570104858026727,0.12413257180292495,0.058155330679916184,2021-03-01,2697,3148,AAVE
143,0.0008277302974339577,0.002412883973437589,0.008889386493203772,0.0879490634897037,0.8368659686567236,0.0016470329877178397,0.0048880593800819,0.018471461848852195,0.12104094780579208,0.05651100862321508,2021-03-02,2740,3106,AAVE
144,0.0007667620739973207,0.0035280951982768205,0.005656856442861831,0.06487333759132886,0.852966419595864,0.0006629434690023705,0.005492975511849818,0.01787364036097611,0.11896568396006077,0.05134597883043588,2021-03-03,2861,3137,AAVE
145,0.0009142381113746757,0.002495587984147549,0.006640030422667768,0.0762584073544218,0.841856046489247,0.0019012502160511608,0.004924327487682926,0.019400574973189567,0.11162234199117571,0.05492279705866289,2021-03-04,2497,2849,AAVE
146,0.0011462187550231677,0.0030326188736475488,0.011584484285439843,0.09282705903094038,0.8279686253762503,0.004845548152634767,0.005978006824009706,0.02155796949491357,0.12457092399432314,0.05255298656153049,2021-03-05,1999,2289,AAVE
147,0.0010802826515539494,0.0029734334922873035,0.008996780087958728,0.08461358356653553,0.8086851726834835,0.0022961136151033253,0.006697754244772797,0.02051549120107823,0.12286508838084757,0.05546024092815778,2021-03-06,2148,2491,AAVE
148,0.0008686488294062949,0.004757404703088866,0.023704241830919688,0.13571452474553045,0.7233261819923489,0.0012309676284822462,0.007061440061604012,0.01654206240934527,0.15979921922504334,0.06362259527448177,2021-03-07,3092,4151,AAVE
149,0.0010061481354223124,0.003210905638910284,0.008390054335610644,0.08013837159752402,0.7994205919469793,0.002115168196547937,0.006902949245190655,0.019286482467847265,0.1433581933917605,0.05814653634417574,2021-03-08,2384,2858,AAVE
150,0.0006854025885511462,0.001835475983689298,0.0052308902744818975,0.06820707598506692,0.8675904754471385,0.0009593859929645027,0.00379535478763831,0.016969967539717107,0.10638353558860013,0.049117134146339766,2021-03-09,3308,3749,AAVE
151,0.0010223372068902618,0.002956564228276051,0.011312815732255597,0.09825025686638866,0.822500008794372,0.0027286395782674068,0.005363411361923307,0.020339591103808393,0.1291374015442257,0.055625920892589054,2021-03-10,2261,2612,AAVE
152,0.0011054690751685682,0.00270949258410299,0.008290992905664955,0.0791283659462919,0.826916098127451,0.0031252712909106695,0.005690157232345698,0.021340365381773915,0.11766796080012637,0.05619161469365292,2021-03-11,2051,2324,AAVE
153,0.000884529908966606,0.0036305734559454825,0.008718525192718686,0.0833779777505516,0.8129850562317739,0.0018299526652243929,0.0059428676200303,0.018598701877711347,0.14419973872082215,0.05522270085189307,2021-03-12,2624,3044,AAVE
154,0.0009476287177849202,0.00274126693986825,0.011179183755866932,0.0958681871785264,0.839564504504202,0.0028197608842770133,0.005446677150725284,0.01981460262831765,0.12116622862300763,0.05691543848380348,2021-03-13,2369,2658,AAVE
155,0.0009692768607178488,0.0023982189640418946,0.006483233619013096,0.07351638590174962,0.8357531614379913,0.0019195275009228497,0.004804691688222309,0.020069865076205905,0.13182579409900588,0.04877975483572553,2021-03-14,2349,2673,AAVE
156,0.0010824324523946167,0.002908195365877064,0.007705074780387029,0.07596643738148695,0.8572939515570966,0.002719238613188307,0.005461028222243913,0.021793523673862805,0.10907430688801233,0.05497472271195657,2021-03-15,1982,2125,AAVE
157,0.0008764346358554412,0.006039968362161346,0.005521212179093508,0.06920559409344211,0.8268653600000038,0.00027476137571826205,0.00798928355677662,0.018838924819240255,0.12895626767648408,0.0615213148220085,2021-03-16,2389,2500,AAVE
158,0.0011335020379995807,0.0038591945791016393,0.006199137155707194,0.07203700415261202,0.8559978162809991,0.000976132600914885,0.006411873700943875,0.022115351468902988,0.11502047994981064,0.05556448342134742,2021-03-17,1887,2017,AAVE
159,0.0010928739741610275,0.0038245223870694714,0.008397960428724618,0.0821905941408975,0.847521670858611,0.001660293821694506,0.006292020585242822,0.02155047054295325,0.1166550492583218,0.05597422318546221,2021-03-18,1985,2152,AAVE
160,0.0009961856575480682,0.004850461292893091,0.005420331067158416,0.06930957600729006,0.8443298899661409,0.0003568515497553018,0.007286427873881407,0.020356604070251087,0.1105186241436351,0.058491345406029606,2021-03-19,2140,2280,AAVE
161,0.001116562082382807,0.002692244482392659,0.011387987602912718,0.09898036358675782,0.8503157492846111,0.0039065325906098534,0.005808234433888298,0.022119207059175052,0.10282363283797863,0.0576908063862112,2021-03-20,1913,2042,AAVE
162,0.0013731042771684475,0.00312714883725361,0.007926845472152983,0.08268120539060886,0.8500337762202992,0.0028117677688102058,0.006442378443927223,0.024757198131141436,0.09419114819710409,0.05624358235099628,2021-03-21,1529,1604,AAVE
163,0.001339976725530769,0.0034765053134526306,0.009128215115474615,0.08520246138516722,0.8398025366835169,0.0028696946078084038,0.006406425148845442,0.023933367169933197,0.11760636035842079,0.055791128304830594,2021-03-22,1630,1779,AAVE
164,0.0009869399342425208,0.0056559553371446575,0.004259217827714878,0.05955465587277876,0.8237217496606792,0.0002243661655822302,0.00784400434648777,0.01980833487081106,0.130655937789949,0.05879490018200636,2021-03-23,2204,2396,AAVE
165,0.001126039400972032,0.0050202992623354535,0.007853992376738136,0.08060110628499445,0.8314409502154212,0.0008924449915371596,0.007471850814907433,0.02131541796625132,0.12359904118873777,0.05923133505334543,2021-03-24,1961,2164,AAVE
166,0.0012253195400632583,0.004995050811888838,0.006159847914578789,0.06950783922995395,0.8371816771419925,0.001170079398244881,0.0076512189235590725,0.022482028896260213,0.1274322725650088,0.056122087487785265,2021-03-25,1774,1927,AAVE
167,0.0009076655921769323,0.0068110533254839385,0.008168295141618157,0.0814363538892682,0.7949875096512431,0.00033861801142759526,0.008529434095138707,0.01849746810008866,0.1539286669977892,0.06490569006233937,2021-03-26,2411,2637,AAVE
168,0.0007877356481346578,0.008052676584229106,0.004545724850627084,0.06241964716581476,0.7594715758756898,0.00010145956836200775,0.009043037068544642,0.01710510092813585,0.1583672869947732,0.07208679015532203,2021-03-27,2672,2811,AAVE
169,0.001473810701915587,0.0036386790840319747,0.00887866802955862,0.08702733459181065,0.8335249066933509,0.002321697690521771,0.006363307679600166,0.024987497068201324,0.10903774684385008,0.05598286385579331,2021-03-28,1505,1668,AAVE
170,0.0013550910941971933,0.003749695210107357,0.009406226409768409,0.08975633431227739,0.8166240522528974,0.002256078879202295,0.006347620568274645,0.023541751829066006,0.11390298197718228,0.05907880321699579,2021-03-29,1683,1918,AAVE
171,0.0011255190500473668,0.005528376035841584,0.005815112552457642,0.06820388745693648,0.822629526250443,0.0006883716186931137,0.007963050039850771,0.02113673493163068,0.1432667696833545,0.05761890029193663,2021-03-30,1961,2163,AAVE
172,0.001454080148897797,0.003115742756647534,0.00590254898849652,0.0722156327925001,0.8220922832771287,0.002313030069390902,0.006305084658754632,0.024503577743656933,0.1142820967250575,0.054972993350747484,2021-03-31,1563,1775,AAVE
173,0.0015551802768793085,0.0032485508577298388,0.008907037586082788,0.08539118996840539,0.8151875873485824,0.004020485330014837,0.006789383025143517,0.02475147349909601,0.12474061425484889,0.05536205184990944,2021-04-01,1519,1793,AAVE
174,0.0013520577207229345,0.003240483242499177,0.014117334894047274,0.10717823991253679,0.8237812049450656,0.005960057160782127,0.006454701459963675,0.023326712225364508,0.1266881730344141,0.05509221965405575,2021-04-02,1708,1971,AAVE
175,0.0013433032733688405,0.0029412969982105827,0.013417711991987543,0.10582303986152773,0.8289680817350105,0.004415098842528141,0.006135184922701771,0.023231551371359745,0.11939779735240509,0.053404366073309784,2021-04-03,1733,2016,AAVE
176,0.0013545509608501173,0.003071123279325439,0.011760686506151048,0.09778308793265124,0.834435264135838,0.0033243830712185144,0.006046714407879653,0.023863689817054837,0.11423322766342851,0.05377535534649923,2021-04-04,1651,1845,AAVE
177,0.001353068700007478,0.0028240820297110005,0.007162994618688208,0.07558298274172903,0.829948984392596,0.002769961308476961,0.005899062283054857,0.023415190630543863,0.11497430305226616,0.05327152631352518,2021-04-05,1716,1991,AAVE
178,0.0013059195376918312,0.0031428988809673623,0.009832936031689814,0.08802192889553033,0.8096384979812811,0.003039911090772399,0.006195949868969022,0.022877639535795097,0.1221625690744866,0.055539996030611015,2021-04-06,1781,2070,AAVE
179,0.001403272169501377,0.0032894777602161113,0.008436216554405903,0.08057728714019734,0.7852190954438502,0.004337767495662233,0.006962882662066001,0.022996901504620065,0.12171647333514207,0.05898314583034047,2021-04-07,1733,2106,AAVE
180,0.001330463705732722,0.0030431652570416467,0.009204042168171656,0.0882578315871616,0.8409124318700905,0.0029359679373660175,0.00620671514423206,0.024104595109396824,0.1001501980474914,0.052298257257848105,2021-04-08,1615,1734,AAVE
181,0.0013071722048325887,0.002830409967569285,0.00861657226619815,0.08937173667191436,0.8489286563146238,0.0018054162487462387,0.005816450242837239,0.023943953456416242,0.10123374101335499,0.05589553825344878,2021-04-09,1648,1774,AAVE
182,0.001204990853023954,0.0028755790830895184,0.01196873728029842,0.09924512238335492,0.8303844921132719,0.0036875170718382957,0.005743316575704457,0.022451136442389687,0.11236296425683812,0.056880461842044434,2021-04-10,1863,2090,AAVE
183,0.0011262580253339992,0.0025892401648171305,0.010366184604265442,0.09467470203134241,0.8410890628937113,0.0030992921369810598,0.0056730570167688645,0.02210504456314662,0.09336474494057466,0.05490850088423534,2021-04-11,1921,2077,AAVE
184,0.0010452252673438887,0.003267401226410156,0.009925912382993101,0.08640152286367093,0.8206661379443412,0.002426361240835921,0.005533247607135869,0.019723322064609167,0.1217196922417563,0.05644642024587846,2021-04-12,2384,2969,AAVE
185,0.0009649135311219286,0.002487395895654057,0.010110371609726793,0.0900484723249651,0.8238036193332163,0.0041841004184100415,0.005185296846969048,0.019624804013741136,0.12510313011838545,0.05379092639151483,2021-04-13,2428,2843,AAVE
186,0.001129762169289686,0.0028276503991214387,0.009067588315308562,0.08519686210420642,0.8101199327005109,0.0032326776093221403,0.005881575969881961,0.02106254013410095,0.1226819411608031,0.057102786827782984,2021-04-14,2092,2471,AAVE
187,0.0008371136006876444,0.002483388199329914,0.00943958420315057,0.08851397468849444,0.8402605813107001,0.0034090458635588853,0.004878641469730444,0.018102053483300025,0.10807905432045846,0.05823001734050042,2021-04-15,2846,3389,AAVE
188,0.0010650761089935304,0.002351541354906642,0.006520559464587449,0.07192881381309388,0.8263649465943477,0.003005099562894609,0.0050453630603882905,0.02070921734217294,0.1211106436685185,0.05257626296845197,2021-04-16,2202,2581,AAVE
189,0.0012276421316331288,0.003034143642020674,0.006436537979345371,0.07229761792813755,0.8295861408438087,0.0019336749492410326,0.005483534434869747,0.022690826157486806,0.12661203398044132,0.05149856591103243,2021-04-17,1836,2068,AAVE
190,0.001336643223482627,0.0034780581942371234,0.018528054557888113,0.1226583835375074,0.7775400980850607,0.005896572758285702,0.007015111997640031,0.021924959080680893,0.14033594995375273,0.06170329249380021,2021-04-18,1888,2381,AAVE
191,0.0014672862913871429,0.0031957575766959705,0.016133985646916642,0.1176373669405158,0.8026889190906981,0.007901780024639959,0.006697933499172546,0.024069262727453578,0.12100367704010057,0.05867386863586901,2021-04-19,1603,1884,AAVE
192,0.0014631013586965953,0.002992819917324704,0.005985089962508283,0.07057257745955788,0.8044827674953393,0.0034095214042177044,0.0073862752221803074,0.02333605416999576,0.12802102267957288,0.055504560393098784,2021-04-20,1670,2039,AAVE
193,0.001046716209164802,0.0025852036573218227,0.0059953553875038154,0.07055363900427007,0.8416530845955162,0.001963259009956528,0.00473070457178117,0.02044845250321461,0.11199137603063744,0.05360757982874993,2021-04-21,2271,2698,AAVE
194,0.0011914350994720333,0.0030548883354762136,0.01496452492766346,0.1117888069823686,0.7913835643696637,0.004369901781255202,0.008022960195824663,0.020220346524764208,0.13800699224963728,0.05758849824779148,2021-04-22,2114,2661,AAVE
195,0.0012280395590361674,0.003038869641134395,0.01971202056241284,0.1326364974584754,0.7922194646948959,0.00570578625246885,0.006176910708645471,0.021443757625854504,0.130317433015656,0.05898142183961815,2021-04-23,2009,2477,AAVE
196,0.0011272017738696053,0.00375313300166313,0.011024814536332021,0.09959760461619356,0.8195537311353059,0.0014559458951718955,0.005703112981435143,0.021331331051493263,0.13025124109187627,0.056735861315757974,2021-04-24,2052,2372,AAVE
197,0.0010240258239411937,0.0031944232530274853,0.008407728214405611,0.08218555457335873,0.8159980629287632,0.0017834190231362469,0.00649027561959224,0.02001328120978843,0.11875215293708369,0.060134848199444244,2021-04-25,2260,2614,AAVE
198,0.0008946564442809535,0.002861151936582708,0.012119137209945736,0.1029611507269792,0.8079248918938734,0.002122414688878326,0.0052268041394844065,0.018324268192891333,0.13587280525411777,0.05796983304726685,2021-04-26,2755,3394,AAVE
199,0.0009385890336237198,0.0029331075656265407,0.011128859014617526,0.09628147636211344,0.7955977027934292,0.002545592705167173,0.005504063698820229,0.01887436615292762,0.1370960924536969,0.05811447017271693,2021-04-27,2588,3142,AAVE
200,0.0007424435742883578,0.002089303027521348,0.011389891847371726,0.09952991631444931,0.8234640321388867,0.0033275589177332717,0.004357097827633718,0.01699960133587852,0.12837087400914463,0.05312864112675486,2021-04-28,3248,3915,AAVE
201,0.0011439039266991355,0.0035748953929550862,0.014245821286342643,0.11106958224640053,0.7824276191047055,0.0021878291872619725,0.006658928605851547,0.020161728741157396,0.14522593483904636,0.06195333016854994,2021-04-29,2219,2815,AAVE
202,0.0014253347447397036,0.006742779614522697,0.00948192620468369,0.08830846038795893,0.7501095123404085,0.0009090909090909091,0.009384500985019365,0.02208884960137584,0.17363838145442315,0.07062816438327656,2021-04-30,1737,2149,AAVE
203,0.0009906583507480608,0.0051211486843575,0.014021295958256878,0.1106916821413912,0.7581605899440338,0.0009917982176802617,0.007329819185753285,0.018672616779783324,0.16576551074466736,0.07151568343668871,2021-05-01,2486,3060,AAVE
204,0.0011327879730180913,0.0052612524106746775,0.013752336160442127,0.10953983334424151,0.7755983505432935,0.0009773940601097346,0.007872495034082492,0.020251866381160534,0.1639026620093941,0.07305362816008179,2021-05-02,2119,2542,AAVE
205,0.0011652745589066018,0.006174368907934235,0.02245673803746373,0.13999522740315049,0.739720894513447,0.0014400074322964247,0.008372084921659638,0.019868962098476512,0.17299745042515768,0.07607333071131239,2021-05-03,2152,2697,AAVE
206,0.0013577825159914454,0.006876893645750081,0.021985029645071548,0.13208614952192116,0.7313443789298243,0.0018614037616651103,0.009263735978776975,0.02115350467621271,0.16880298240311614,0.07774884194807749,2021-05-04,1876,2388,AAVE
207,0.001321877065432954,0.006534777172412422,0.013971280562392396,0.1081527382962962,0.7371991716796892,0.0009454112538954446,0.00900109678620523,0.021306862421850942,0.17640870973793726,0.07163303216589625,2021-05-05,1870,2310,AAVE
208,0.001367283320997967,0.006729301098657499,0.012482074538282763,0.09929811390058574,0.7234626164521986,0.0009054015873423574,0.009209998608139112,0.021103403600371884,0.18396053408555998,0.07186544081586628,2021-05-06,1887,2433,AAVE
209,0.0014484372124813326,0.007069802962250599,0.016294414923873214,0.11887765768394204,0.7327827065786984,0.0009491086471890934,0.009686560161160034,0.021897745234800432,0.17890865101109196,0.07175795063933228,2021-05-07,1745,2204,AAVE
210,0.0017861617782707036,0.009165605887642356,0.013075446569141638,0.10617673774404666,0.726639162396972,0.0007078746517347466,0.011824307674914084,0.024301107159624618,0.1830927152616088,0.07475413969317246,2021-05-08,1370,1675,AAVE
211,0.0018240189110191646,0.007995286995866512,0.012222753925293157,0.09912877830088068,0.7293707778401434,0.0010265244478006418,0.011091152098312037,0.024633789019199204,0.17074599325129747,0.0725134970545338,2021-05-09,1371,1713,AAVE
212,0.0018255092586760028,0.009414450820956823,0.007930700396264218,0.08353733482157284,0.7317380972246957,0.0006034309358926468,0.012092337385416943,0.024711676494969446,0.1832057015040628,0.07580822316097013,2021-05-10,1322,1594,AAVE
213,0.002296238823616399,0.009989362492271222,0.00826190506354123,0.08350621971191775,0.7438832037042179,0.0007260281076595965,0.013371428077190942,0.027974478625352777,0.1843931748952405,0.07318894325397053,2021-05-11,1041,1243,AAVE
214,0.001180726084757555,0.00612315354132758,0.018919595521713274,0.12371480751410976,0.7390090644702506,0.0018018572990621102,0.008511819607126148,0.01972805096326218,0.17101469085504006,0.07145772478502589,2021-05-12,2167,2771,AAVE
215,0.0010125058404866932,0.005046529667065593,0.015328473730784373,0.10497445825320578,0.7316773279465876,0.0018079212176139176,0.007481574821855022,0.01837252998244962,0.17490950490677612,0.06834470371602434,2021-05-13,2542,3270,AAVE
216,0.001218308964828174,0.005813704099773088,0.02169959196633614,0.13448982798151507,0.742141057776596,0.0019023831554971756,0.008349285203600731,0.0203137509179307,0.1777315236392589,0.06966767907432188,2021-05-14,2074,2619,AAVE
217,0.001303428458596036,0.006431186946749982,0.015836453266994375,0.11430759200871742,0.7318819641386591,0.001516988324376187,0.009021479526246969,0.020846265463784774,0.17430305077211397,0.07391231512587429,2021-05-15,1939,2449,AAVE
218,0.00139924479116747,0.006016469797479544,0.021736339763425917,0.1345754390481044,0.728902131525045,0.0020989643268124283,0.00884693848621534,0.021860047456340147,0.16135136780866072,0.07172660879434889,2021-05-16,1799,2263,AAVE
219,0.0011579534409896666,0.0054031680388526414,0.021413046782407037,0.13050602194425176,0.7225540002200901,0.002485292553638099,0.007904619254236326,0.019378074583327697,0.17416008445937933,0.07271630895195647,2021-05-17,2284,3019,AAVE
220,0.000849825648184378,0.004570751689509605,0.021573909234180972,0.13390661713924523,0.7235717266791791,0.0016850833347264247,0.0066544313382361515,0.016878029841801007,0.16947106386147556,0.07359088187145599,2021-05-18,3039,3923,AAVE
221,0.001083217053413341,0.0051217386984855175,0.0261402585249419,0.14091433637548112,0.7292280742616968,0.0025619128949615714,0.007692211275438975,0.0187523843640336,0.16988987226532326,0.07255476392935585,2021-05-19,2435,3210,AAVE
222,0.0011808196334157214,0.0058499552544697166,0.02085303914262714,0.12838529630748075,0.7265734763293109,0.0017093227386122147,0.008205300672394014,0.019515951333396404,0.18280583704163636,0.06909498656943329,2021-05-20,2232,2940,AAVE
223,0.0013029555299113953,0.005810028472799943,0.020478036177544293,0.1295596186708494,0.7226846325654185,0.0020909262512886786,0.00834958767049562,0.020784743250940794,0.17672667687734514,0.07217144589240818,2021-05-21,1994,2589,AAVE
224,0.001234533509761611,0.005489819300445926,0.018392420557095245,0.1213871681430458,0.7287123383073467,0.0023131967514358393,0.008110470491381538,0.020398928358527673,0.16736892368376807,0.07337340271239705,2021-05-22,2076,2659,AAVE
225,0.0013089475883936651,0.005480264494593439,0.026625473650621116,0.1468871431114843,0.715109149274217,0.0032660526487686982,0.008125970076674894,0.02042699130036632,0.18012656747895345,0.06902235261910447,2021-05-23,2070,2803,AAVE
226,0.0011762907033538417,0.005614204287299018,0.020957098066168085,0.1323079080000647,0.7248677175581457,0.0019076932942176054,0.00791938357069828,0.01948172993956515,0.18237905840695454,0.06932728320621957,2021-05-24,2262,3008,AAVE
227,0.0012077289399256802,0.0058665184532990435,0.01191485244133578,0.10050623327545058,0.7270804133587149,0.0008880582287591563,0.00834161735339312,0.01995822079634925,0.17978470853364054,0.07071066486089472,2021-05-25,2138,2759,AAVE
228,0.0013315969225780914,0.006545157102165008,0.019222735912952482,0.1272186201644131,0.7175659923395409,0.0015903288507589097,0.00910857394245935,0.02070025106680429,0.1749004029780534,0.07503814694429124,2021-05-26,1956,2546,AAVE
229,0.0015060200262151028,0.006760266559774497,0.013603781899749534,0.10425475289285026,0.7109967694091579,0.0014021382608477928,0.009521853259023064,0.022151229011968507,0.16730431574286056,0.07691228839000641,2021-05-27,1721,2229,AAVE
230,0.0016397644001025957,0.006858834600951586,0.016881290682955404,0.11744711581456525,0.7210111634220511,0.002091291061879297,0.009753809050114335,0.022799360722701292,0.17367388143891607,0.07187846434585217,2021-05-28,1627,2169,AAVE
231,0.0009059075253265083,0.008341847718907823,0.007571217472049563,0.07947941746012181,0.7284240250931991,0.0002456206184863629,0.009049906328070892,0.01757832734716062,0.2087291866089307,0.07733710089566569,2021-05-29,2559,2965,AAVE
232,0.0015532875765138655,0.006391698808353038,0.015475045277527754,0.11434523667220836,0.7293246092584603,0.0015316315205327414,0.009404522338596896,0.022987029903081654,0.16674209663141182,0.07218744813605774,2021-05-30,1622,2042,AAVE
233,0.0015848025340202262,0.006516606876654203,0.012171137427798519,0.10030997923304477,0.7115579138565676,0.0020317283607013637,0.00934318582426519,0.022396017924275678,0.18032533383509608,0.07113647973062485,2021-05-31,1699,2286,AAVE
234,0.001488524054561714,0.0064423653222920796,0.017366891239414407,0.12016831808431404,0.7266116096170478,0.001648236648411065,0.009202111593540103,0.022068711230420215,0.1769134084453477,0.06848558819120319,2021-06-01,1750,2278,AAVE
235,0.0016363119567405098,0.006981825973458806,0.01285844698185505,0.10523409748527454,0.7308617275250375,0.0010498746923754262,0.010082175501952447,0.023574246581100446,0.16890396844963437,0.07222313017479685,2021-06-02,1522,1894,AAVE
236,0.0016309198537144609,0.007187754012186853,0.010412250932608905,0.09839900135660391,0.7216441209762678,0.0006615612846317309,0.010170186838770435,0.02324684281825166,0.1703566249752318,0.07062536814453876,2021-06-03,1554,1968,AAVE
237,0.0017639348153263225,0.007378718802705121,0.015303415780129411,0.1115240638166016,0.7104015540945644,0.0017018088408434122,0.010428053769442105,0.023703872517187065,0.17967746545033406,0.07337455514391748,2021-06-04,1492,1962,AAVE
238,0.0015855426074589,0.0065823584797373115,0.016696686155813826,0.12103439035711182,0.738907835671401,0.0015483326099961293,0.00952983167343526,0.023446516148290658,0.17748333396959398,0.07161637316140032,2021-06-05,1562,1933,AAVE
239,0.0015144539394143731,0.008235329342080577,0.0067128949239606646,0.07554204542542164,0.7148634743944383,0.0004174424691390746,0.010450532517016343,0.022421298712233008,0.201383017570249,0.06998286534189177,2021-06-06,1635,2023,AAVE
240,0.001474989181380919,0.006121209088633862,0.018085974256579984,0.12332043153311162,0.7328946236722347,0.001738918209829464,0.009136766772924585,0.022328078247055967,0.166825348119137,0.0703218071261047,2021-06-07,1719,2178,AAVE
241,0.0015620833135455187,0.006510365535634579,0.017905408114828023,0.11687530329294465,0.7187104302649442,0.002115485352782367,0.009616415087235094,0.022628821712404764,0.1756945310213439,0.0688307345642966,2021-06-08,1655,2138,AAVE
242,0.0017624798229886887,0.007587437260675605,0.018854066992854534,0.12564587369406996,0.7063345962629436,0.0016715982015909003,0.010485962209945196,0.023425065431471347,0.19160790958269514,0.06949723375377634,2021-06-09,1519,2032,AAVE
243,0.0018502445686912382,0.007675061809977453,0.01996290363748351,0.12596704989389565,0.6932400067464979,0.0024585864766816733,0.010897401119334574,0.023971766134859244,0.18624005439716115,0.06905104880834835,2021-06-10,1443,1925,AAVE
244,0.0017020369092117084,0.0071312478785586775,0.020273245427256392,0.1275095236263774,0.7035364378456032,0.002635241168981139,0.010136955981491143,0.023137386205433125,0.18527931417741675,0.06862455052442928,2021-06-11,1568,2091,AAVE
245,0.0015471031937088315,0.0078900000317144,0.01653242442485914,0.11466100037220957,0.7007828148046137,0.0013248046247725082,0.01028682342348228,0.022169565080613962,0.19069179142507067,0.07385384198993833,2021-06-12,1675,2169,AAVE
246,0.0014325900430390312,0.008291476427447373,0.012382976504547926,0.0957147915170996,0.7051764188015007,0.0013699694914595518,0.01027563966514381,0.021174733812658414,0.2073878676235069,0.07217181811146439,2021-06-13,1806,2335,AAVE
247,0.001522702763385765,0.0072966055053432,0.02129890563592889,0.12959052089311898,0.7119088519767041,0.002048733708208012,0.00972952824853111,0.022106822976510097,0.18379670629501824,0.0724331859166512,2021-06-14,1715,2238,AAVE
248,0.0016070231935506048,0.0072067348312054086,0.011574679291299628,0.10114063041434447,0.7072112560272217,0.0008825881898667843,0.010259003801249614,0.02283097266239081,0.1825373959647454,0.06986036415233202,2021-06-15,1597,2048,AAVE
249,0.0019359187384393394,0.008104536158253033,0.011716735394299658,0.10155423426245917,0.70360997256678,0.0008513158381759633,0.011587689321173223,0.024781604978489156,0.1815080783585271,0.07174010918427104,2021-06-16,1337,1729,AAVE
250,0.001856708445288236,0.007301220203173453,0.016167496644977495,0.11916917434470295,0.7230038369876003,0.0017036258837559272,0.01112299150907172,0.024673653042030213,0.1797690800954633,0.06711346266652243,2021-06-17,1366,1731,AAVE
251,0.0017908769017829008,0.0070806185103817094,0.018192168330185825,0.12450193289467822,0.7193290049325776,0.0024042994531397323,0.010119765557215292,0.02392248054433969,0.18182008445897418,0.06825905998165152,2021-06-18,1483,1968,AAVE
252,0.002178230417482363,0.007703571438516585,0.017919161166171028,0.1216499996296905,0.7119718395860315,0.002809633027522936,0.011509945679928116,0.026616773343847416,0.1792549758900241,0.06845531418668276,2021-06-19,1190,1541,AAVE
253,0.002253204176281178,0.007918398644969056,0.0213021551845748,0.13376919303910695,0.7132126868009255,0.003466363436284939,0.011336860873139717,0.026770795288419316,0.18842988203402125,0.06472504020112141,2021-06-20,1184,1578,AAVE
254,0.0018643808782873542,0.0070276489042436,0.02181353460600855,0.13534071998272101,0.6915466753731149,0.0030086958648777563,0.010348982666885437,0.02394913034013903,0.19457940872532145,0.0636820664255717,2021-06-21,1470,2013,AAVE
255,0.0015576343121778877,0.006368959772581327,0.03589553675866962,0.16846857562620068,0.7096306871896416,0.0047307897588510246,0.009158491538543883,0.021688689730977456,0.18442762454927147,0.06746862864253533,2021-06-22,1805,2536,AAVE
256,0.0017951685281917958,0.006758482029340303,0.032505275321195494,0.15441347440232536,0.7102835645097787,0.005334057711541073,0.010031409266664033,0.023762152061457716,0.17964999801161532,0.06657727303148706,2021-06-23,1504,2029,AAVE
257,0.0018164535718416188,0.00736498093641743,0.028249563164051517,0.1573176965936259,0.7124668865655918,0.0019944293524981945,0.010507633314229683,0.02398718347589705,0.18887940331570557,0.06617815713474696,2021-06-24,1459,1932,AAVE
258,0.0020718621966157617,0.00806333125354789,0.01583142146686094,0.11493255017513743,0.7185320550975943,0.001962736452851657,0.011372213770210398,0.02557871106769587,0.19040654695066084,0.061646513040787644,2021-06-25,1277,1688,AAVE
259,0.001858124047598537,0.007278618455825938,0.025507647213905523,0.1455884532181258,0.7181232216090071,0.003061540846380406,0.010338766889317046,0.024530620990541322,0.17656157044656282,0.0674364066608392,2021-06-26,1412,1851,AAVE
260,0.0019010454706705404,0.007618075480932412,0.02231230702168336,0.13602869112999333,0.7085945529755248,0.0027035145689396217,0.010749131924457953,0.02463566581280706,0.18540529189665905,0.06837898851075654,2021-06-27,1385,1822,AAVE
261,0.00173819368369554,0.0070135937281898845,0.01860204886640339,0.12514832405103446,0.7171618589168955,0.002384764378561752,0.010192809273474464,0.023554187026771218,0.1814803237062607,0.06503982729877414,2021-06-28,1519,2004,AAVE
262,0.0015452570085135702,0.006613159261015723,0.023124173468475506,0.13619016893497082,0.7430406365227287,0.0028812202815310015,0.009417730828137988,0.022544806940550093,0.1894683234041474,0.06219910294365469,2021-06-29,1676,2169,AAVE
263,0.0014359268908079688,0.00848332727803185,0.015136474046585534,0.11430115384671034,0.7523081123055644,0.0007767906462898177,0.009960084508377065,0.02226256274018442,0.19845189958480072,0.062090237433654036,2021-06-30,1682,2030,AAVE
264,0.001964694533686215,0.007347338753412744,0.025723019388895152,0.1470752042119003,0.727249596951275,0.0028052299804923663,0.010749831168122129,0.025553704522328594,0.1756583069258293,0.06703469512935412,2021-07-01,1302,1664,AAVE
265,0.0016955767117519394,0.006379574139329122,0.016296212402187288,0.1190451658284296,0.7673388482871609,0.0019827121415030347,0.00947199473509124,0.025041223600407354,0.16127712834647512,0.06812867124892348,2021-07-02,1396,1651,AAVE
266,0.0016257685925236823,0.006188235433336796,0.021115571828226914,0.13135676915941139,0.7345634976210788,0.003742648369274639,0.009201648735548807,0.023421961077428794,0.1684912239326218,0.06664078597648043,2021-07-03,1580,2028,AAVE
267,0.0014349639441349038,0.006149326890787839,0.018941879162311763,0.1245256747701016,0.752320643056442,0.002658797405481213,0.008895180658298484,0.02226821477893905,0.16938284540985385,0.06415501559238314,2021-07-04,1740,2171,AAVE
268,0.0016132904747058105,0.0060738715810866525,0.03132462206266199,0.1557172803673779,0.7277802984447813,0.006486486486486486,0.00885982701334894,0.02280918360200831,0.18632462565399135,0.0628662821002634,2021-07-05,1671,2251,AAVE
269,0.0014356197979026987,0.006197700824225912,0.022315440159881995,0.13268502242403396,0.7190239506883074,0.0029405076492405647,0.009232920322819511,0.021275124932249825,0.18606397377069134,0.06879488571098705,2021-07-06,1860,2482,AAVE
270,0.001802913664810223,0.006573324372307591,0.012528373450049377,0.10316296050388762,0.7474524155314882,0.002108842425332265,0.009983505389331808,0.02485192619021061,0.17241133936526648,0.06923743701886029,2021-07-07,1395,1753,AAVE
271,0.0018913857677902164,0.0069002656828108,0.032792635740750184,0.15920343182351088,0.7118912626294592,0.005708888364146515,0.011047853203510288,0.0240853984351849,0.18594644787143152,0.06479005051483425,2021-07-08,1425,1919,AAVE
272,0.0018300600824873406,0.006681377151587641,0.022380734271581704,0.13261301433530645,0.7172560200550828,0.0033406141590646282,0.010313753434137197,0.024228784494233175,0.17527819107348097,0.06818058134396433,2021-07-09,1443,1904,AAVE
273,0.002050065576230039,0.008138554692830214,0.023841681599040647,0.1394765737215072,0.733191294569554,0.0025433350995382638,0.01138103755823619,0.025978318025150972,0.18166144227923467,0.06748286043917402,2021-07-10,1244,1585,AAVE
274,0.0017350749407867136,0.008737481572923056,0.015378305707917591,0.11177112303597907,0.7348906234898775,0.0013381268008956528,0.011120215735864804,0.02408284757038255,0.18894147922208993,0.07158338635564525,2021-07-11,1422,1753,AAVE
275,0.0020782922375785036,0.0075855103371942345,0.03111555994261607,0.1572344917385564,0.7191565688775491,0.004512445616134823,0.011044901277451127,0.02578170354571725,0.17609768197032938,0.06960553800895111,2021-07-12,1272,1680,AAVE
276,0.002078010560381579,0.00680575339312267,0.011974406254935363,0.10299365396259212,0.7306835583741077,0.0024725632238754174,0.01082209632479276,0.026315470699299518,0.1746821939568753,0.06691801750209382,2021-07-13,1236,1586,AAVE
277,0.0020496687163353766,0.007356509733643287,0.02215326964512745,0.1314735146430508,0.7213760816657633,0.003944100891074645,0.011100711181406708,0.025473119722926523,0.18457915796234134,0.06745891201567918,2021-07-14,1296,1720,AAVE
278,0.0021809127590113678,0.007587552755551463,0.00967018361242914,0.09338435045887633,0.7335692644860387,0.001217792590693501,0.01152405689843385,0.02704414104256388,0.1802545447960912,0.06465087016224211,2021-07-15,1158,1461,AAVE
279,0.0022619240533679657,0.007258168976237902,0.012843452467162052,0.1029941088153267,0.7427845845399866,0.003762332088512346,0.011179064048558401,0.028178561187023412,0.16766268603254367,0.06867331671786138,2021-07-16,1089,1340,AAVE
280,0.0022634196026283505,0.007313953930767929,0.015444317924514735,0.11305787337186737,0.7556124877929707,0.003094880183924308,0.01099853081375832,0.028629570270949718,0.16175888894676466,0.06974519306411574,2021-07-17,1064,1280,AAVE
281,0.0023291995287642977,0.007353274307227611,0.013259833926012737,0.09935565455499257,0.7493150072300637,0.0028623393661110943,0.011529734289130704,0.028560562084188244,0.16477744362197153,0.06729719614054512,2021-07-18,1055,1295,AAVE
282,0.002268243167096077,0.007310179457901742,0.02233529122460148,0.13433485063028713,0.735076572899368,0.003605137320681972,0.011260537876439786,0.027646932409565228,0.16955339758684312,0.06866960187069382,2021-07-19,1123,1429,AAVE
283,0.0019778059242785613,0.006832776127527995,0.022759126684649408,0.13447330840266122,0.7234426590822312,0.0040057800296317975,0.01062884160307452,0.025546780770647093,0.1671849670406213,0.06892163196751518,2021-07-20,1307,1688,AAVE
284,0.002010665906729878,0.006716565567978457,0.011919210163331308,0.09644438819637584,0.7303678808541028,0.002819548872180451,0.01042400997458208,0.02592094359024752,0.17262633077341236,0.06490528334085921,2021-07-21,1282,1651,AAVE
285,0.0019412954195563237,0.006233790698541015,0.01713492148469032,0.11801027735644058,0.7571956764331793,0.0034223134839151265,0.009745247145382184,0.02611430917017017,0.15710653992566678,0.06652722458463907,2021-07-22,1288,1609,AAVE
286,0.00197972528400328,0.007427684671962861,0.02019149350975276,0.13123866825224964,0.7090669550173009,0.003012839330686155,0.011029302757856517,0.0253302270050318,0.173844235918828,0.06869952521696815,2021-07-23,1311,1700,AAVE
287,0.002062709556159,0.007353273786886161,0.017505224111076235,0.12102388125297163,0.7417137904589639,0.0026951086644876427,0.010718929828624529,0.026457642166686186,0.17257738064651776,0.06886564901754069,2021-07-24,1228,1554,AAVE
288,0.0025820433187111703,0.008219095232354978,0.01863198382800661,0.12251990487231404,0.7248217853831161,0.0035608308605341245,0.01264025697442208,0.029053047174266402,0.18271262474766709,0.061476594045672885,2021-07-25,997,1282,AAVE
289,0.0019025818630438673,0.006981434529775397,0.02042997807581464,0.12667393967659793,0.7271409326670134,0.004101785036080516,0.010208134523077915,0.024991618823458128,0.17703386183021866,0.06904605332676757,2021-07-26,1373,1792,AAVE
290,0.002012260751555991,0.007416698289587384,0.025966811700676738,0.14501871653210033,0.7260513550253814,0.004101018244273471,0.01112495086684618,0.02591682766566531,0.17547182987660062,0.06947501335700547,2021-07-27,1258,1591,AAVE
291,0.0020652064988649793,0.007228021408208309,0.019020946504141486,0.1270445950879304,0.7448491259512486,0.0031233732431025507,0.011110427177771045,0.026999409088712723,0.15089269157509835,0.0712996691747344,2021-07-28,1174,1422,AAVE
292,0.0022967438836534234,0.007556670727621788,0.022548883171481973,0.13672717104106633,0.7304126391870652,0.0030889924000980632,0.011981465017170565,0.027576689994082044,0.16437955221277475,0.0664660612859088,2021-07-29,1107,1406,AAVE
293,0.002085160368704684,0.007372950683365102,0.012811848825860554,0.10666561927092053,0.7412934777631957,0.0016117940342130147,0.010896657421583791,0.027019594670059505,0.16886541927727206,0.06763466837553915,2021-07-30,1179,1448,AAVE
294,0.0021389457988429455,0.007208348803944196,0.014806444182341828,0.11230377687021982,0.7538081582119684,0.0020759264119878783,0.011336783476925075,0.02717845766388217,0.16972852476441713,0.06001119742652025,2021-07-31,1154,1423,AAVE
295,0.0019895143668921637,0.00712565498789213,0.016739014657239766,0.1155681808920372,0.7467442704381085,0.0026447605690242434,0.010707376366892875,0.026374835644399883,0.1670460202123629,0.06965115052821494,2021-08-01,1235,1516,AAVE
296,0.0020490828243882046,0.006530967297064822,0.011809087834644483,0.09815478764732165,0.7752368528103935,0.0016136261766024204,0.01061002522558552,0.027636079545395563,0.15360809702895228,0.06577157138274121,2021-08-02,1142,1335,AAVE
297,0.002448072241822167,0.008707095163124281,0.008526600635357982,0.08531530834193049,0.731933207596253,0.0010395267678142712,0.012964520037681532,0.02873656084431357,0.1738624833707647,0.06806593591050046,2021-08-03,1007,1240,AAVE
298,0.002269852299249944,0.007388359847241969,0.014148975650078253,0.10902825307091454,0.7483934824986638,0.0028069354697231076,0.011529438409424412,0.028482162682755833,0.1617019420794379,0.06752750881702228,2021-08-04,1060,1274,AAVE
299,0.0020118887893592558,0.006709776865656378,0.014663005262146754,0.1076285525951624,0.7481406842685123,0.0037989869368168488,0.01053304997372357,0.02639544817708782,0.16149835098694865,0.0676846240830038,2021-08-05,1239,1543,AAVE
300,0.0018804503678630819,0.007381620142672052,0.011375088726787622,0.09295356910736094,0.7432119140624992,0.0015781167806417674,0.011224557054781835,0.025313709051572472,0.17437115722836774,0.06935483195815148,2021-08-06,1305,1600,AAVE
301,0.00195823952227121,0.007632897436450185,0.006471976767202827,0.06371280496244035,0.729713439941407,0.001060623916227546,0.012101474255683548,0.025537411696864847,0.16434065934395914,0.06860486331690656,2021-08-07,1253,1536,AAVE
302,0.0021964530478728863,0.007522161931067757,0.01120472476406344,0.09186237539759418,0.7558963342706189,0.0016383637167451174,0.011646062817061572,0.02795846887106182,0.15782625677246498,0.07042944540511038,2021-08-08,1091,1306,AAVE
303,0.002279842464784081,0.008500104733504063,0.008511961617933736,0.08302646464079795,0.7277227297238305,0.0014066496163682865,0.012457153567229562,0.027821630699584498,0.17183971758513758,0.06940955020073125,2021-08-09,1077,1321,AAVE
304,0.002310197123606332,0.00824535733101565,0.010269094983644629,0.09032907154545228,0.7378994769775198,0.0015172679543374596,0.012170975783970204,0.028308908280225333,0.15849822701668445,0.07215701485758255,2021-08-10,1054,1282,AAVE
305,0.0018575414615794473,0.006566420526896695,0.01776774348671455,0.12481000050800105,0.7426992374688481,0.0019492453635806708,0.010057866678257556,0.025441434566881915,0.16360703746294258,0.06451406804383673,2021-08-11,1337,1659,AAVE
306,0.002060076768672742,0.006577763604379588,0.014454293047338947,0.10676548033896423,0.7593914111898457,0.003961485557083907,0.010788447394093206,0.02721043360709448,0.15001819550464188,0.06809051768377986,2021-08-12,1168,1404,AAVE
307,0.001999582176858572,0.00733197067149333,0.020474762466585483,0.13215815948187415,0.737432311961058,0.0029633771316745876,0.010923502834227179,0.026198906618001467,0.1655059268395084,0.06783765289619088,2021-08-13,1242,1541,AAVE
308,0.0020499581199961607,0.007264504219605967,0.00924221456011598,0.09079650516136722,0.7793270874023458,0.0008589276418532014,0.011106186126975594,0.027781240974115416,0.14957956638444014,0.06914561395992326,2021-08-14,1118,1280,AAVE
309,0.0021789869403317655,0.007382234912149892,0.01217945305158759,0.09942022693817577,0.7545751937683932,0.002120078914048467,0.011447750103077739,0.02851512460252239,0.14013820272779465,0.07164850836000412,2021-08-15,1060,1223,AAVE
310,0.0019108674338692367,0.0068443462397732215,0.016298171295143493,0.11229345789390972,0.7497481812443693,0.0028676387899688872,0.010361669756197737,0.025771261036046933,0.16073984871522962,0.0665703107686069,2021-08-16,1297,1606,AAVE
311,0.001937079630973108,0.006771024703798262,0.015303241726512344,0.10878397615997533,0.7486863636988698,0.0031810294968189707,0.010506019121778424,0.025759113718895013,0.16630690735861772,0.06791303990784721,2021-08-17,1293,1618,AAVE
312,0.0015967099029007095,0.007805891851258625,0.020970446631087908,0.13187184074482675,0.7198789025255636,0.001621313035204567,0.010723062940740468,0.022461597582931675,0.18389424650647293,0.06637447279226,2021-08-18,1615,2081,AAVE
313,0.001993910931910293,0.006767533431522727,0.01763141225355706,0.11935207795151342,0.7323662253267955,0.003252371520900657,0.01043154221066407,0.026191773263138058,0.16191568477349985,0.06838568049279894,2021-08-19,1259,1579,AAVE
314,0.0018239824691438132,0.006862846401879258,0.012826385205415639,0.09926815448565746,0.7454200257768803,0.002889987797829298,0.010239491969135392,0.025064192918991965,0.16188059329449492,0.06560199925301316,2021-08-20,1365,1698,AAVE
315,0.0018830681083725337,0.006655887182825297,0.009578643151286988,0.0864422822143628,0.740727291085099,0.001667912808420084,0.01034279848217327,0.025618423820323845,0.1551798069026036,0.07047919225461681,2021-08-21,1311,1617,AAVE
316,0.002337919251865884,0.007812786649105122,0.009594809391258627,0.09073273738595251,0.749335158443418,0.0015376266280752533,0.01203154078774669,0.029055438850468972,0.15233898968151907,0.06913535029024044,2021-08-22,1012,1196,AAVE
317,0.0019431250385540488,0.006662122835696452,0.012877876231530761,0.10310133664417874,0.7515414602054837,0.001394391447732454,0.010557731215215532,0.02627488427364304,0.152507158035969,0.07141066204338962,2021-08-23,1248,1512,AAVE
318,0.0023369643052712197,0.008008046251594354,0.019933577553529667,0.1286502098172883,0.725119284072047,0.0025486189240695243,0.012193308983941581,0.027739148069039044,0.16904948898699867,0.06677658694184362,2021-08-24,1090,1387,AAVE
319,0.0024120456095896776,0.008164676945359592,0.01347748788399292,0.10499803913445402,0.7528214241177192,0.00210612531445621,0.012353869188686865,0.029245385675742346,0.14440512093729455,0.06857478743797282,2021-08-25,993,1188,AAVE
320,0.002518635461085247,0.007833382963868252,0.00877316149596932,0.0873768080127009,0.7408393599557362,0.001229934718849538,0.012063132530032728,0.029383936571712208,0.16410086453169945,0.06728972849981114,2021-08-26,992,1238,AAVE
321,0.0026451694168030757,0.009491663500080318,0.007451060103931529,0.06740148758342994,0.7279395063810641,0.0011719970830294823,0.013803736046097166,0.029663389474236718,0.17022836527779517,0.06814251976412779,2021-08-27,935,1155,AAVE
322,0.002526454127297038,0.008528747550589763,0.008904363599598633,0.08395674744663574,0.7498896016408954,0.0013275595031134431,0.012850483102652757,0.02999419856910147,0.15541900726377894,0.07353693267890093,2021-08-28,940,1115,AAVE
323,0.0025747280538712864,0.0074624229882881525,0.01339314023207781,0.10169633734969097,0.7676877754824973,0.0030386340616408622,0.012174520049558855,0.031289130318098615,0.13914542197888366,0.07131985538495131,2021-08-29,888,1014,AAVE
324,0.0023875978102261284,0.008219825056682532,0.014388312045772362,0.10791270972867843,0.7452224520024423,0.0023818649728960194,0.012607594651695718,0.028826900446167984,0.14863425464488234,0.07221376786103197,2021-08-30,1011,1219,AAVE
325,0.0022221140337454993,0.00788492643434739,0.010958505912710276,0.09215189959719101,0.7586580166094793,0.0017223733805945933,0.011969159261076596,0.028096999994613868,0.16596171072675944,0.06749078565436487,2021-08-31,1073,1278,AAVE
326,0.002033276892290833,0.007360924577091305,0.02066625000827154,0.12758095633118008,0.7608957710960859,0.003353481824956529,0.011091131359336644,0.026715238141180084,0.15771867311377102,0.07104538967724171,2021-09-01,1196,1453,AAVE
327,0.0020312590897633,0.007747058598848657,0.013543228435256982,0.10354267847496638,0.7724823723821221,0.001890535651768001,0.011562617634729006,0.027667060205983793,0.14334668776352677,0.07532615375536508,2021-09-02,1113,1257,AAVE
328,0.0021998530860603536,0.007328368861170426,0.011770217311078314,0.09087590766529177,0.7767491806086715,0.0033285142722657432,0.011663407980754185,0.029088649945367175,0.12854261316478377,0.06975620320376355,2021-09-03,1019,1141,AAVE
329,0.001906995265696204,0.007310161728318764,0.006665843411206642,0.0712388462294105,0.7913534655342682,0.001098021274162187,0.012425907263345805,0.026543750848735597,0.14348488556581052,0.06790691109459215,2021-09-04,1165,1293,AAVE
330,0.0021482420952151074,0.007542108118460193,0.009966352219838888,0.08846222274058706,0.7899326714396393,0.0017981072555205047,0.011636821576092374,0.029033178679166126,0.13570562189257668,0.07132574447147241,2021-09-05,1023,1123,AAVE
331,0.0020617551726659685,0.00736402933810841,0.009278878438885899,0.07795962111789785,0.7752656081462503,0.0024083905218179463,0.01113616980300029,0.027885249720692683,0.14658206433677995,0.0719247415856609,2021-09-06,1110,1269,AAVE
332,0.0017382725570348264,0.0060930715447720125,0.02313156063245642,0.1352332965672424,0.759940828917258,0.00368515543796655,0.010403212144962952,0.02465822436658665,0.15130139676362991,0.06704940495919047,2021-09-07,1397,1695,AAVE
333,0.002297544215486587,0.00767839339248035,0.020926902659558492,0.12805602262684024,0.7402122442076772,0.004113381674357284,0.012305499966044776,0.027997976966985614,0.16116698315885775,0.06722663642443504,2021-09-08,1070,1314,AAVE
334,0.002193784277879343,0.007506336638343945,0.02005351246653127,0.12527390721069134,0.7497984473495813,0.0037185280826339574,0.012036545628122503,0.02773203782238361,0.15077622738111926,0.07033066725950658,2021-09-09,1095,1314,AAVE
335,0.0021203864255635546,0.007073103966315537,0.017696996691818477,0.11954325391905576,0.7696220436525268,0.0037708898728753036,0.011382853238467841,0.027917803834223587,0.14567177159173755,0.06984974858523688,2021-09-10,1101,1284,AAVE
336,0.002005786996278953,0.007557368124908562,0.009042447435402397,0.08195706759485644,0.7586476401370179,0.0015883436752154854,0.01134499355981036,0.026982936457653296,0.15210540001983605,0.06958149833417075,2021-09-11,1168,1367,AAVE
