,DCmean,DCstd,clustermean,clusterstd,modularity,transitivity,eig_mean,eig_std,closenessmean,closenessstd,WCC,SCC,time,num_nodes,num_edges,Token
0,0.0022413456298901522,0.027949107765103412,0.0028734085360809904,0.030250633066530593,0.21269822837412825,2.50019793233631e-05,0.00593975220707409,0.02268821154074348,0.0030731261149200976,0.015501820065699216,63,952,2020-10-03,1329,2346,AAVE
1,0.005626852984471146,0.04093597204631262,0.0013431659272977398,0.020631697097798277,0.24642719925483142,3.576438423664896e-05,0.00994893829798966,0.03663056363867996,0.0047343637274941544,0.024146060084475826,63,952,2020-10-04,1404,2216,AAVE
2,0.006074879227053175,0.04214808928386278,0.003802894375207434,0.03842194125167265,0.27695299783003613,0.0001162963489407341,0.011393228977817959,0.04011357649545024,0.005219552130628225,0.023855387987645072,63,952,2020-10-05,1451,2549,AAVE
3,0.00915979918537454,0.04586606167958453,0.007795412527985507,0.05771543728326821,0.3749790146820914,0.0003870767960363336,0.015588238618310213,0.04399007453208081,0.011581122211418418,0.026930019225876917,63,952,2020-10-06,1389,2993,AAVE
4,0.008341635898337587,0.03802896405357948,0.004292734262910649,0.03698228315289399,0.4673782643035269,0.00022271301571982703,0.01919476290868665,0.04293175196808739,0.01504359525357931,0.027223943500948918,63,952,2020-10-07,1256,2972,AAVE
5,0.008390022675736967,0.037826810932787516,0.009736158176297085,0.06497358545326792,0.5186905979392876,0.0006963249516441006,0.01628317443590674,0.039870463825162406,0.019437098593832736,0.030869785154788453,63,952,2020-10-08,1270,3156,AAVE
6,0.00805486333222148,0.03594696409419493,0.003410034600546241,0.049901231971578634,0.46460385682393723,0.00017909734935922948,0.018173988016345035,0.04343119502103929,0.013267797300912198,0.024844737190499025,63,952,2020-10-09,2825,4849,AAVE
7,0.009488500090776132,0.04098963200511383,0.002183564630025686,0.03300475007630212,0.49328581803967225,5.82773223512957e-05,0.019118768014091996,0.04268321304875212,0.01820329577477554,0.030464916321828652,63,952,2020-10-10,1280,2610,AAVE
8,0.010974976492217833,0.042978849050399774,0.005321666893224864,0.05122955492172447,0.48413048873646636,0.00016782277914522266,0.018838627117272758,0.047923737950839415,0.014362372149900323,0.027980800846549147,63,952,2020-10-11,1175,2385,AAVE
9,0.008517454921955938,0.03765634133554928,0.013245239753293466,0.07805518612950352,0.5216204902202498,0.0004201092283993838,0.019458759215933485,0.04281247906707498,0.03520884970640531,0.05809017576682691,63,952,2020-10-12,1219,2422,AAVE
10,0.006597301544447039,0.031533345378311345,0.0073986374072892444,0.054855222225403406,0.503409084832291,0.0005611672278338945,0.019665379611148927,0.038402474859997815,0.04106825587982965,0.061405440524592673,63,952,2020-10-13,1025,1961,AAVE
11,0.006166193210035946,0.03141540483925141,0.011806186359865953,0.0891550243785205,0.5728159449563947,0.0005909549136162964,0.015735437015422963,0.03409522001111507,0.043010930285737055,0.06034839864500435,63,952,2020-10-14,1369,2420,AAVE
12,0.004728270387017814,0.02564211481293989,0.009011535413696281,0.06498597612229293,0.645354137201135,0.0006035074432584668,0.011819637607683429,0.030679410306150103,0.04222051575777733,0.043385423631900066,63,952,2020-10-15,2632,3592,AAVE
13,0.004807246075309265,0.02366319614675334,0.00855358316941385,0.06469660461846602,0.6249972048717223,0.0006765899864682003,0.01389795874092165,0.0327479011518587,0.03702713696355376,0.0450096044282644,63,952,2020-10-16,2958,4111,AAVE
14,0.006385114784820368,0.029759240242590235,0.013450494666409846,0.08373123544323964,0.5702795358649786,0.0011809301647470478,0.015032433569837973,0.035615396572517326,0.05508889769965052,0.06275400263014166,63,952,2020-10-17,2574,3818,AAVE
15,0.006028137476694818,0.02739796638414391,0.009915863249486727,0.06410394909855914,0.5938145917703049,0.0009357454772301934,0.016797219110132593,0.03520644825245905,0.04343438131887597,0.0522645181919181,63,952,2020-10-18,2140,3688,AAVE
16,0.00569142362600886,0.02576594638446681,0.012206137945335108,0.06942949844485066,0.6267877073811274,0.0012510425354462051,0.015271269874527574,0.03348859300662785,0.046992119881689866,0.05453983080040505,63,952,2020-10-19,1804,2946,AAVE
17,0.005951616356240682,0.029930568387522012,0.01818226410279105,0.1043313197565671,0.643785441207864,0.0013608142205086043,0.013146202595710869,0.03137490619130393,0.047352466000274866,0.053893396622559854,63,952,2020-10-20,2250,3558,AAVE
18,0.005265828657590714,0.024410130612372107,0.01243955427118055,0.08509087431569783,0.6393405709183873,0.0006133714986710284,0.01532431538463565,0.031140033747525536,0.047282819351621125,0.049484511321331345,63,952,2020-10-21,3058,4399,AAVE
19,0.005300917778920738,0.025577042450486812,0.013034664176074446,0.08046337209472182,0.6322711238080658,0.0009700450100884681,0.013321996357129199,0.03140799515661605,0.05000456350197896,0.05336449153818128,63,952,2020-10-22,3204,4920,AAVE
20,0.005729856449133154,0.025150156913409976,0.010550045700226777,0.07857970301758503,0.6648217472393303,0.001042012030502534,0.013084381413403644,0.032606065462705544,0.05390648712902757,0.056457683559159436,63,952,2020-10-23,2861,3992,AAVE
21,0.006717093939668363,0.028662358033081495,0.014580775881510723,0.07604872320393824,0.6290334953804804,0.0017751479289940828,0.01593238377995028,0.035380799214161006,0.04622287513563749,0.05647565246684764,63,952,2020-10-24,2897,4178,AAVE
22,0.006323322683706015,0.024727745048469793,0.018840080997874268,0.08563655987809413,0.6305985364455903,0.0029751807291802596,0.01482683904774711,0.0371458356697266,0.05322944329264006,0.060775780186326664,63,952,2020-10-25,2744,3915,AAVE
23,0.005566899298042495,0.02041161866313795,0.0062874316546795315,0.05260923316123237,0.6794783394181186,0.00057095730508152,0.013235416700683249,0.03767546533927388,0.04504430841278085,0.044788403445160205,63,952,2020-10-26,2500,3818,AAVE
24,0.006943302239244351,0.02603740328992505,0.0079064653428862,0.05964116335360611,0.685701241782322,0.0008575979090946216,0.015566904757142095,0.03837345025725718,0.04875552480749847,0.05340627123484437,63,952,2020-10-27,2989,5126,AAVE
25,0.006443291773915386,0.025285729079376693,0.01774310940404145,0.09968391921433205,0.6623094860837966,0.0029961161457370076,0.01666107975297855,0.037338787127816304,0.05285026225792177,0.05580731869064992,63,952,2020-10-28,3004,5482,AAVE
26,0.007805022560503233,0.03421767777794419,0.03430472813069993,0.14898115662165864,0.6788110615322601,0.004471938585376761,0.01715806933097768,0.0373402269654965,0.05750658697513899,0.056494511377627905,63,952,2020-10-29,3268,5232,AAVE
27,0.008422545196738868,0.03522776307152007,0.026213714017089218,0.12445875969773637,0.6413000000000008,0.0032838530542503206,0.016099041703433084,0.035761482876810156,0.06883317681039049,0.05896527262315238,63,952,2020-10-30,3166,4674,AAVE
28,0.007688996817063418,0.030917452047958215,0.0187344725039155,0.0917117700403976,0.6309229466801376,0.002868240215118016,0.01661580842421079,0.03680741633439132,0.06391922574627758,0.06022377984999412,63,952,2020-10-31,3924,5323,AAVE
29,0.00920016100281761,0.037275652686629905,0.014795126531594741,0.07368039203704223,0.6683034267081103,0.003358449946178687,0.017419322531045025,0.03991897588342384,0.058520501505150854,0.05765307180177053,63,952,2020-11-01,3880,5033,AAVE
30,0.008453786195320607,0.03060623703378027,0.014605002879479898,0.07463172116862059,0.6707788491976524,0.0036127836961556276,0.017864698220110532,0.039054861090127284,0.05685494622336409,0.05131702211313157,63,952,2020-11-02,3466,4598,AAVE
31,0.0084266714647713,0.032320241386284775,0.024884371221365352,0.10126788811563599,0.685477045516183,0.005579467559381476,0.018142074944941102,0.04010251556343082,0.05408133803156261,0.04853295295133227,63,952,2020-11-03,4064,5792,AAVE
32,0.008738086429540357,0.029397557744277318,0.01084351552407754,0.06771454784366056,0.694935739776235,0.0020073603211776514,0.018946826606893764,0.04172653751866123,0.04695762083008049,0.04750793743286409,63,952,2020-11-04,3591,4917,AAVE
33,0.004251143292682927,0.02297213915784519,0.018536272822336268,0.09807042296851433,0.7124003788940237,0.0024041471538403746,0.016978597196112197,0.026229910805839526,0.0535727676247508,0.03805694452005896,63,952,2020-11-05,2313,4033,AAVE
34,0.004656750178865344,0.028090799873557754,0.017741505803650713,0.10929389599151293,0.7259165816326544,0.001647846708003676,0.015481598847981759,0.02538270033913612,0.04476388480841818,0.04351973545438159,63,952,2020-11-06,3509,5244,AAVE
35,0.006616361700950243,0.039355914379581074,0.024630072892646564,0.12046411811299763,0.704975793437334,0.003173793894589255,0.01317793992737727,0.026994670658203254,0.05193173025133592,0.05728398336353946,63,952,2020-11-07,3999,6502,AAVE
36,0.006070912417789696,0.037167668459271774,0.02633822704502221,0.11942991088944871,0.70400199296951,0.003198529411764706,0.012530989833408064,0.027035796760764147,0.0508010284671608,0.055983212327473095,63,952,2020-11-08,4579,6199,AAVE
37,0.005577125778863155,0.03216178835199087,0.02558727596644616,0.13589330086075535,0.7069546117837664,0.0027507457577387647,0.012219652036712058,0.026681040715247416,0.04831533550369583,0.05557636706250359,63,952,2020-11-09,3555,4929,AAVE
38,0.0037178595975086116,0.025523161807528158,0.036246362381096235,0.16340574841407957,0.7130782309813246,0.002004221778087175,0.011477515867682118,0.022234167802702574,0.050286618192790955,0.05368395539773366,63,952,2020-11-10,3833,5478,AAVE
39,0.005790250130150175,0.03699042573778387,0.035178778530569915,0.15239200978873613,0.7008512353769367,0.003944423722491607,0.012074544608730484,0.025537690048485242,0.062361248087574886,0.0605944252548483,63,952,2020-11-11,8264,10387,AAVE
40,0.0076377570988791915,0.0381102309043667,0.0324759164296423,0.15796176855106903,0.714072941266225,0.004800371641675485,0.014666789644328776,0.03152483163796002,0.05432505268428341,0.059384122104200014,63,952,2020-11-12,3228,4541,AAVE
41,0.006959093535466049,0.03939164942598799,0.02545604641195828,0.14248479438796213,0.7047687581534335,0.002559894978667542,0.013713713368715266,0.028316900812876657,0.05637660897846687,0.06016844435269835,63,952,2020-11-13,3304,5049,AAVE
42,0.006933857772322015,0.035917156752975354,0.02644211803142844,0.14319108213261567,0.6938506728181462,0.003407581387289914,0.013696970750845855,0.02935156002988241,0.05843705807540876,0.061148691115215564,63,952,2020-11-14,3869,6433,AAVE
43,0.0057712287677807355,0.03188710915134477,0.03563785107439272,0.15131311142937656,0.6995516639717095,0.0050168646013434995,0.012935990090271056,0.02760204104458816,0.05598201975247453,0.05998601812686492,63,952,2020-11-15,3833,6374,AAVE
44,0.005154739854098262,0.027788318733244482,0.02280057279526376,0.13185327959962145,0.7156715345095936,0.0027014858171994596,0.012340688402778525,0.027387899469869414,0.05615910657752228,0.05444566342796018,63,952,2020-11-16,4125,5825,AAVE
45,0.004372945895082137,0.02463219410711157,0.02997439139351471,0.14847958946880163,0.7307795577103658,0.003217761006939509,0.012004149572284895,0.026158773302897658,0.042940327156233506,0.049838473834005775,63,952,2020-11-17,4322,5803,AAVE
46,0.0056126628438550215,0.030372029991271386,0.022752111235363717,0.11317038956215224,0.7123578385447,0.0035816501758115953,0.012937206461521765,0.02777478476895194,0.05177922721112105,0.057241296158675056,63,952,2020-11-18,3865,5429,AAVE
47,0.004618199301900349,0.02650719957662823,0.02796459912871599,0.13710313573205204,0.7128187493038004,0.0033962264150943396,0.01137023001557439,0.02571243870332577,0.05553177217205374,0.05263915420409555,63,952,2020-11-19,4230,6005,AAVE
48,0.004133003712482301,0.022048119800707762,0.0213805319024566,0.10976666574374339,0.7336074181263835,0.0033151049783243136,0.012223702971367533,0.02630981098224943,0.05023286946167144,0.04834274897126259,63,952,2020-11-20,4779,6264,AAVE
49,0.004625466540683483,0.024709132019856868,0.025239847446031995,0.12834640127928093,0.7317185064975696,0.0038534494346780575,0.012056314765788253,0.026965140213319045,0.05086471297179007,0.05759306925467731,63,952,2020-11-21,5288,6673,AAVE
50,0.004866059727915937,0.024863339143471157,0.026447265320123755,0.13394957179208505,0.722908673469389,0.004090183559457302,0.012088462746869692,0.02760437567158679,0.05094323414631964,0.056892563031998813,63,952,2020-11-22,5196,6612,AAVE
51,0.004715825960276429,0.021614816311431764,0.023040145820567504,0.1306179861772322,0.7250424274071733,0.0038291728568140447,0.013111086590606946,0.02917987173482926,0.04345522024272062,0.04799628700703662,63,952,2020-11-23,4424,5490,AAVE
52,0.003936901347475596,0.018472644064609505,0.025425694956626485,0.11669571481668135,0.7429811143903283,0.00425632537242847,0.01176969269972436,0.027951924740714933,0.042113484849300054,0.043056343749904975,63,952,2020-11-24,4571,5795,AAVE
53,0.00391808191808181,0.017954310978627912,0.01339786041324035,0.08382215589351266,0.7273708049618817,0.0031481520347555986,0.01296916870452988,0.028838038486980536,0.04745963586565251,0.048268752277140774,63,952,2020-11-25,5449,6985,AAVE
54,0.00565482271918887,0.032428585290643,0.028201960375999705,0.14081218589832636,0.7299035245836586,0.003978662579941646,0.013126168182626385,0.026417338524773265,0.05587075048676818,0.04902322303044047,63,952,2020-11-26,3465,5779,AAVE
55,0.00473210302100065,0.02267617160919412,0.030570109402212015,0.14559981135352015,0.7415186964803238,0.005502273508845669,0.011743772711153917,0.02811513566378757,0.03897218181291021,0.04246335456611264,63,952,2020-11-27,3164,4391,AAVE
56,0.0034350916561653694,0.015869675658941252,0.008488067796117082,0.06751755170035177,0.7735300023799604,0.0016666666666666668,0.012503431071356607,0.026831909814336793,0.03553327335774929,0.034991151960099345,63,952,2020-11-28,3889,4916,AAVE
57,0.004657887619879794,0.02053353669124329,0.022650124083836962,0.1252473514474329,0.7368786933065989,0.0033899837280781052,0.013235743975066907,0.029069648855305896,0.043573211621342325,0.052156230297998075,63,952,2020-11-29,4167,5330,AAVE
58,0.0042810133063586695,0.023912830635923626,0.024491404732950167,0.1288537865007183,0.7253879671848688,0.0043486209778520685,0.011557029082353383,0.025628954872639803,0.05102986289945364,0.05297087118814322,63,952,2020-11-30,3804,5024,AAVE
59,0.004636197411768436,0.020570963128400076,0.015559151743561421,0.09641158681637581,0.729435798816567,0.0026280633363264055,0.01297106087561464,0.02871642666275225,0.04650305076908084,0.04586150478406002,63,952,2020-12-01,4022,5304,AAVE
60,0.0039003003720985787,0.0288797812013988,0.021657662654927544,0.11346400395511436,0.7300497716263001,0.0025157814109505825,0.01090263643672204,0.021938579391990905,0.050695112405616055,0.053415139581063927,63,952,2020-12-02,2844,5087,AAVE
61,0.0033954899396580534,0.020359095928140985,0.03428704411698962,0.15907608368164733,0.7308173995894605,0.0031764620950211365,0.010826610794274952,0.02295732715637113,0.046933328258182645,0.05048509444777529,63,952,2020-12-03,3249,5493,AAVE
62,0.004398754079940724,0.02406794490631969,0.028650464195460815,0.1342307359997958,0.7254362372942136,0.004626151595429204,0.011782905346376354,0.025489158125187695,0.05049892971132437,0.05406582564021365,63,952,2020-12-04,3288,6029,AAVE
63,0.0021312896210011066,0.01171024904900465,0.01748319174967148,0.11230845836658182,0.7916910892114224,0.0023493351970831195,0.009949738156150056,0.0205704697661435,0.036156721603754306,0.027295878843238516,63,952,2020-12-05,2717,4509,AAVE
64,0.0010019675672615557,0.007479129482593224,0.01804445644608934,0.10409516888837582,0.8387044631120484,0.0008824437809774536,0.006249311068682043,0.01705773212930013,0.046978957951713085,0.059386515478667856,63,952,2020-12-06,2629,3899,AAVE
65,0.0027586141630942377,0.015103787836967874,0.011730066550747445,0.08424622382002415,0.77362405962726,0.0014716270308453025,0.008673688271566633,0.02351298744223039,0.041761846406544255,0.05977898392516286,63,952,2020-12-07,2471,3999,AAVE
66,0.0038897833723654535,0.02041011455813773,0.02122972976361049,0.118260057698493,0.7661638999213577,0.00389242745930644,0.01068297671197967,0.025827017784492416,0.04455083972590048,0.050720251835871824,63,952,2020-12-08,3726,7300,AAVE
67,0.00464597722573733,0.023758626627493205,0.021026074494473412,0.10528603452101534,0.7306486970311461,0.0038154819194280215,0.012952613548462272,0.027594236929943453,0.05327128133087625,0.05609562357690108,63,952,2020-12-09,3047,5622,AAVE
68,0.004856205852674155,0.023992283502230146,0.017458263560604082,0.10422337158568634,0.7232512667936758,0.0017714611500244338,0.013568435865388806,0.028719218467183255,0.05200758780088333,0.05793872350250356,63,952,2020-12-10,2874,4847,AAVE
69,0.005025642097635064,0.027192305782802354,0.022619514918458608,0.10954383258687087,0.738623309310138,0.003038256354662939,0.012388840130198373,0.027929914926991546,0.05454803050405167,0.06670782568875984,63,952,2020-12-11,3434,5174,AAVE
70,0.003690859549170238,0.017111163565199736,0.011909407842466403,0.07992231574957381,0.7681674523202964,0.0018413289247035064,0.011716997231203485,0.027779094255937206,0.034652190456258156,0.04819629945852548,63,952,2020-12-12,6748,8752,AAVE
71,0.005036392222851516,0.02482738648950559,0.01853180063795649,0.09390187926416672,0.7177410207939503,0.0034847620857885067,0.013204758616068213,0.030166934408649742,0.04999576223234223,0.06103380025530543,63,952,2020-12-13,8192,9989,AAVE
72,0.005138645138645221,0.02597949885664898,0.029099898586863727,0.13722136576058122,0.7182542088244586,0.0033676333021515435,0.014886251781828817,0.029332759208206997,0.057541554580496146,0.0603289916253193,63,952,2020-12-14,6298,7651,AAVE
73,0.003457312802831783,0.016746046604427633,0.018705706743377664,0.0951232623639151,0.7676275039367809,0.0030699510269717126,0.013308529964666336,0.02670575336176871,0.03773830579256478,0.037699745835167046,63,952,2020-12-15,4802,5963,AAVE
74,0.0021412972574378227,0.01019815399304929,0.01262355362185044,0.07407532187250178,0.7999905923416158,0.004109385572590893,0.007778560034551165,0.02313116040141459,0.02623203462864421,0.0317105500426453,63,952,2020-12-16,4844,6390,AAVE
75,0.002109209754031061,0.008665873700967367,0.007516156801324271,0.05817941008308055,0.8131860487072847,0.0031002908024706194,0.00795938520333425,0.025304809274080752,0.020726618700429425,0.024477264080020354,63,952,2020-12-17,4811,6663,AAVE
76,0.0019859011239245993,0.008286393929644361,0.007397195421996872,0.06362757088120659,0.8189549404751297,0.0016557022385094264,0.008766131605826597,0.023996797516890864,0.020375282222310227,0.026152801815508255,63,952,2020-12-18,3733,5514,AAVE
77,0.001983242930672451,0.00972165984787097,0.007340787275688476,0.060003360390452266,0.7996446967231827,0.001312871980394445,0.007831954251900168,0.022562716092087518,0.025722200155219765,0.03667692082377491,63,952,2020-12-19,3359,4902,AAVE
78,0.0024361362727870367,0.012616524349258538,0.006027686977941283,0.04978505277376917,0.7907858939186079,0.0015387608553387928,0.008285782387210939,0.024861855209177244,0.026393579176602722,0.03839566242590883,63,952,2020-12-20,3141,4783,AAVE
79,0.00293808124723222,0.012558319237980578,0.018496231889971057,0.11712082230998824,0.7992400963590478,0.0043483740862112425,0.010108764510789727,0.02808891954755245,0.02507306292320196,0.03493975924850337,63,952,2020-12-21,2420,3582,AAVE
80,0.002725598835438719,0.011490792973668227,0.012317098511542458,0.08131559605241248,0.8020960219478719,0.0037174721189591076,0.01065254250136687,0.026880268961497113,0.023454210386296817,0.03194384603520868,63,952,2020-12-22,2362,3543,AAVE
81,0.0028008756061596706,0.012057154954868757,0.013209453095504524,0.07960782495018613,0.7953260655860296,0.005393934034839508,0.009555952251327913,0.026547870282186886,0.028025307906533167,0.034335060604920024,63,952,2020-12-23,2055,3054,AAVE
82,0.0029103198692815124,0.01255829933085325,0.01068462556984266,0.07528245226074459,0.8126850043809907,0.004567164179104477,0.009332639714817577,0.026990581293485357,0.02784102604651919,0.033749597762572754,63,952,2020-12-24,2152,3393,AAVE
83,0.0029633664714693855,0.010498917935114276,0.014279812066456949,0.09047780954053299,0.8021398354667743,0.005509765275040315,0.011250466366719085,0.028750568558358225,0.026838383489636335,0.03608018207348876,63,952,2020-12-25,2024,2948,AAVE
84,0.0024319142848775715,0.009665584249627561,0.009038906871100906,0.06574273033261928,0.802775788706813,0.0027077907006730793,0.0102878501776473,0.02539353126522081,0.027227779186075437,0.03518859249203302,63,952,2020-12-26,2208,3273,AAVE
85,0.0023828255869542824,0.009360396936144022,0.0071679277460744316,0.058148658566434926,0.8061960658698055,0.003458571048508676,0.009971357070806016,0.026322733123370665,0.024880982607475604,0.03324539550704686,63,952,2020-12-27,2104,2733,AAVE
86,0.002484705084991916,0.009877509308149148,0.014275528666803441,0.09702727952133672,0.8074782977325582,0.0052669627181658575,0.007728801535782803,0.026803530693893348,0.020090239578572526,0.03011751555447902,63,952,2020-12-28,2031,2614,AAVE
87,0.0022134369941305397,0.008280550213674428,0.007260399120734867,0.06060267373350751,0.819339321640912,0.0033082327735593432,0.009817810803511054,0.026191750273936183,0.019291588718594214,0.026629619262653562,63,952,2020-12-29,2104,2890,AAVE
88,0.0021119078601289465,0.011482395845220745,0.018260430685686207,0.0903911853651454,0.7038921560947466,0.0018116647835742393,0.00611430543757921,0.022111340581599376,0.04925870016454557,0.06126707463412975,63,952,2020-12-30,5675,7608,AAVE
89,0.0024905930109066408,0.010619229024028806,0.010039866392980875,0.06797512624527532,0.782352094674557,0.004513501595289357,0.00750729987081281,0.025619497512995144,0.026961050303589775,0.03684539514317667,63,952,2020-12-31,3503,5289,AAVE
90,0.002263424904934386,0.00971405336684174,0.00990635590844444,0.07920405557735319,0.7977987168766171,0.0025717065937630322,0.008509118087104944,0.024523469704076283,0.02966632898553455,0.03419198578121524,63,952,2021-01-01,3732,5651,AAVE
91,0.0021031797254850823,0.008321133181377676,0.00710861934064567,0.06116282420626816,0.792120852684687,0.002246052892343602,0.007285321229308689,0.024557223924516557,0.029737064893642747,0.030015386106919763,63,952,2021-01-02,2849,3870,AAVE
92,0.0019952665787156348,0.008708904249540598,0.011919738275057318,0.08120518312449117,0.7982683003862764,0.003712430709769287,0.006610815708674918,0.02351445834325079,0.025261457780022534,0.025539115466154963,63,952,2021-01-03,2598,3472,AAVE
93,0.0016360311038006508,0.008561934136731036,0.005756695703215607,0.05797969859712339,0.8008508641158151,0.0012616704516780217,0.0054446726785277125,0.02043941214291203,0.02298942865122022,0.025916627377406642,63,952,2021-01-04,2054,3019,AAVE
94,0.0013712856097618212,0.007255530664223612,0.006804525952546865,0.0612606905083204,0.8207741566559824,0.002323528882004359,0.0053045923557106965,0.019558306728222275,0.024316036773613544,0.026216987296613786,63,952,2021-01-05,2238,3073,AAVE
95,0.0014917302372557135,0.0070303037336332495,0.009119501005464565,0.06728614491713619,0.8114948314429288,0.0022134455969792977,0.005450846170603897,0.02104964291142838,0.025200903492636487,0.02624605717708059,63,952,2021-01-06,2537,3407,AAVE
96,0.0017242965474640764,0.007967268959807374,0.007764950377786112,0.0623236362997868,0.8212814903465635,0.0020857776039629773,0.005677321769324143,0.02192195249347833,0.02590637165462389,0.02858519082642276,63,952,2021-01-07,2345,3468,AAVE
97,0.0017290100222674405,0.0070690730027134115,0.0070940647611210965,0.05803036696803464,0.8122937990706617,0.002922371194275695,0.006655084191938474,0.02281090932891543,0.027959733159867686,0.03160117859754533,63,952,2021-01-08,2330,3047,AAVE
98,0.0014912856413621712,0.007023741305865759,0.0063620912861638325,0.056415295803080766,0.8168056441238508,0.0019234383117959829,0.005795764261657811,0.021837044039538362,0.03333776051211444,0.03837713833513439,63,952,2021-01-09,2294,3070,AAVE
99,0.001817645139741083,0.009898210280687878,0.011450027726541889,0.07846608236003198,0.7996086600500008,0.0028417084013280065,0.00661722587694411,0.020358963531691348,0.034559493972599706,0.037383422104310594,63,952,2021-01-10,2949,4462,AAVE
100,0.002463831913356241,0.01047369068396536,0.014964454957721942,0.0929306531179027,0.7920426844749258,0.004838822786881414,0.007152146310863165,0.025109265067770194,0.030461704192349195,0.036155856558692766,63,952,2021-01-11,1454,2157,AAVE
101,0.002036207576168862,0.010126818583510137,0.01511996691119444,0.0983535045484674,0.7958938304013234,0.00375,0.007454022036090375,0.02185078896720847,0.02974108824738967,0.03897830235799195,63,952,2021-01-12,2451,3653,AAVE
102,0.001651958178273891,0.009095229529786138,0.012661190488859553,0.08526145304668932,0.806393845048175,0.002900895922958519,0.006734754908766632,0.019382378859306788,0.028409019676880625,0.03416497606795632,63,952,2021-01-13,2611,4256,AAVE
103,0.0015481974832809102,0.0073375241378126526,0.01143083589422478,0.07756953253961488,0.8008804305410991,0.0039179737043687915,0.006106021934490665,0.020621201258010237,0.0327712590968951,0.03380060581032154,63,952,2021-01-14,2514,3822,AAVE
104,0.0016062816579406434,0.007898440001576315,0.007284773838550586,0.058174995708717876,0.8131714347121438,0.003308741336910351,0.005828713017933613,0.02073239588449519,0.02371505235683398,0.03152295062331079,63,952,2021-01-15,2176,3250,AAVE
105,0.0009899024304847674,0.006590272921932639,0.006694127853389644,0.05851748990407729,0.825726678252673,0.0021027896000161365,0.0047533234598613906,0.015812270283754593,0.024864672131408687,0.03048787922592025,63,952,2021-01-16,2504,3533,AAVE
106,0.0013132984901278566,0.00775472579047165,0.010073737381397552,0.08019933755377374,0.8220874204713502,0.0018365087884073528,0.005833193132080716,0.018629504866734124,0.023707472862778488,0.03526775603100499,63,952,2021-01-17,2565,3666,AAVE
107,0.0012598494881268154,0.00664017891150041,0.011138160138310812,0.08552290529868062,0.8387989115727356,0.001871042026482441,0.006128124658603733,0.018974864171082174,0.02521057644013913,0.03457143863317378,63,952,2021-01-18,2354,3404,AAVE
108,0.0014516327490054686,0.00782961725503586,0.007151344003655335,0.061278955284359976,0.8204750957431185,0.0017874948320727644,0.005883202398742441,0.019675779543823612,0.027471406243454087,0.033785423467612284,63,952,2021-01-19,2381,3345,AAVE
109,0.001525429044739233,0.007339979776736105,0.008827642693835888,0.07039488872564842,0.8169378672112362,0.002039169038616764,0.007114568624068883,0.020902757582154548,0.025918514181768503,0.031757540500141984,63,952,2021-01-20,2009,2721,AAVE
110,0.0017994625005511055,0.009392695859147301,0.007680931030620266,0.061938599868716075,0.7891617260279944,0.0027943604725009525,0.006322832848064861,0.020841931807908297,0.034229429193092006,0.03814651869181152,63,952,2021-01-21,1704,2339,AAVE
111,0.001505439941550207,0.007575913225612702,0.013444831275928841,0.09077988751468595,0.815336395291482,0.003295093971198438,0.007317455629525186,0.020770048818019065,0.03119364099019222,0.0351220895297417,63,952,2021-01-22,1849,2662,AAVE
112,0.0013577751215939156,0.007694839448185059,0.010169214980759012,0.08201817231508708,0.8232607987100629,0.0021003212255992095,0.006044888077843673,0.018832985393136402,0.02242392299726386,0.03090793159859918,63,952,2021-01-23,2119,2905,AAVE
113,0.0008596690357593334,0.006685485308803043,0.010542446973544105,0.08116035716969636,0.8203482173043591,0.0016124126240686545,0.004606411029311803,0.014390505035837216,0.028748992509096384,0.03137157892945697,63,952,2021-01-24,2266,3565,AAVE
114,0.0010042020603651413,0.006373944879751827,0.008338477762205667,0.06970241809465226,0.8277339605049532,0.002151551165935822,0.004470172992173397,0.016251239512097018,0.022117544229088223,0.02968690012103956,63,952,2021-01-25,2079,3659,AAVE
115,0.001073049162563667,0.006212534296844514,0.011704602093333148,0.08088786089807833,0.8220116542234566,0.0029346231183087876,0.004887104306329032,0.01699999565782985,0.020712005494207417,0.030866102247300135,63,952,2021-01-26,2229,3393,AAVE
116,0.0010268556240992884,0.005861971687351826,0.00873209654390196,0.0713908309883513,0.8323568759381023,0.0023988820743731077,0.004689988254919609,0.017153792242156587,0.02530123433296136,0.030685956907030357,63,952,2021-01-27,1739,2756,AAVE
117,0.0008742683297768299,0.005336614873012383,0.006302751285774083,0.05480887528031063,0.835637296543531,0.001779291344608556,0.004609157511004816,0.015810538314357536,0.019853007782772963,0.026632668669805997,63,952,2021-01-28,2420,3684,AAVE
118,0.0008169071989313621,0.004624585425181818,0.006670474308287651,0.06274271535819435,0.8408964324118633,0.0028494358117092814,0.003922849717742523,0.015694547349362282,0.01836333643459394,0.021439321571923037,63,952,2021-01-29,3061,4833,AAVE
119,0.0006951784244281929,0.0038179139790582286,0.004761472113211898,0.051026295410246676,0.8405620933364825,0.001282024556502887,0.0036449964018350394,0.015308757662252245,0.017753643513329163,0.02646723303845032,63,952,2021-01-30,4191,6453,AAVE
120,0.0007461004982348838,0.0038369020662819553,0.005347794211759776,0.05075418178941153,0.8573043123572631,0.001684783010293433,0.004061280345650358,0.016092965911130575,0.0152142143363251,0.020776835915175058,63,952,2021-01-31,3586,5222,AAVE
121,0.0008773102850251119,0.004377834204710122,0.008396800098877388,0.07276291497866097,0.8662366804039535,0.0027672902007894284,0.004711213992195957,0.017322415592149778,0.012958631743293559,0.02059199576261587,63,952,2021-02-01,3642,5817,AAVE
122,0.0008931006854941083,0.004784063100278331,0.006324426325356626,0.05710219385884999,0.8557856148394681,0.0025841293806800037,0.00461118599994834,0.017042624029171838,0.018913412953267858,0.024272906115773894,63,952,2021-02-02,2581,3633,AAVE
123,0.0007068833390925904,0.003992080643417928,0.004784681405276038,0.04902319805979104,0.8515209275967323,0.0013605692327492691,0.004344976778280419,0.01520868483066534,0.01851403826917133,0.022598195313433943,63,952,2021-02-03,2351,3122,AAVE
124,0.000549957252971997,0.0045301259251768694,0.010304514135216268,0.08012981591587041,0.8522990264293776,0.001942843991768336,0.003024514166821546,0.012296749641974079,0.020454216537833095,0.021776231917736786,63,952,2021-02-04,3234,5734,AAVE
125,0.0004899106379263808,0.0028501113513240586,0.006710018335150014,0.06645950869747923,0.8700236220926345,0.0016944218762898243,0.0028550320155364354,0.013130800563086801,0.016506976068235337,0.0200021183519862,63,952,2021-02-05,3118,4663,AAVE
126,0.0006331563569779349,0.004100668881770966,0.007649441501356256,0.06706139143378334,0.8569270739438786,0.00192789666473877,0.003378829191068779,0.014014097888568038,0.01979593356351751,0.024053387724286147,63,952,2021-02-06,3516,5224,AAVE
127,0.0006866004242773683,0.003900276933094938,0.006873617425949302,0.06485055060130361,0.8500204617474058,0.0017055920678598231,0.003769142747601101,0.014807817218454493,0.019841045781500182,0.02664848580892464,63,952,2021-02-07,3106,4189,AAVE
128,0.0007300810490681914,0.003951109121611332,0.009337375777516773,0.07713578423951511,0.8452954395085122,0.0026397337312062436,0.003606297489241063,0.015132911937212525,0.02118827238875354,0.02239130110772164,63,952,2021-02-08,2688,3978,AAVE
129,0.0005778661867024338,0.0024308879910148696,0.0027272936953009882,0.038235321855676435,0.8585894366916109,0.0010948405638428905,0.0031136548488593513,0.014573166206450976,0.012173229879584965,0.020299813478368487,63,952,2021-02-09,3483,4576,AAVE
130,0.0006239451283698112,0.003249230037871188,0.006913926831363331,0.061153371502621234,0.8383328602684894,0.002299189388356669,0.0031097839238004342,0.013898454551703751,0.02247666407846394,0.02393783005439744,63,952,2021-02-10,3075,4097,AAVE
131,0.0005821699232959333,0.002689231754940481,0.005864841384064649,0.05346616304465179,0.8466626756703484,0.0014839216326197591,0.0028032403991202753,0.014445902535040855,0.02137435427798182,0.022878839758444815,63,952,2021-02-11,2990,3913,AAVE
132,0.0005463856452373731,0.0028282810408135866,0.002960846302375818,0.03782922232569629,0.8623308764481641,0.0006841822475966649,0.002654589690349295,0.01425991257653787,0.015673251348402417,0.026336807378136012,63,952,2021-02-12,3408,4845,AAVE
133,0.0005790726514577268,0.002319460049856579,0.0052841026032806986,0.055083426253609825,0.862604493300015,0.0021347919649516885,0.0029602126709202797,0.014810041589968374,0.018670536487511918,0.021576852061680023,63,952,2021-02-13,2787,3499,AAVE
134,0.000700709432798666,0.003180789100951655,0.004043223040989074,0.04913051076102947,0.8427917067387646,0.0011151725419738553,0.0035324801988193995,0.01573519500006708,0.02118471013051903,0.027247374916377146,63,952,2021-02-14,2518,3458,AAVE
135,0.0008131860455335765,0.004376143243281225,0.006189795607128808,0.05505185550998303,0.8712862207402087,0.002690560616503766,0.003816695976421939,0.0158887267894013,0.013417172819564702,0.019572601682846,63,952,2021-02-15,1776,2679,AAVE
136,0.00045977778435969273,0.0018097599231498805,0.002180820712953289,0.03323760740663921,0.8893151507715504,0.001976718647045904,0.002240974269665829,0.013274117890385382,0.011933518324475829,0.018134573163523654,63,952,2021-02-16,2744,3468,AAVE
137,0.0008879130890522193,0.004559746133220675,0.008939705385782228,0.07268486047388673,0.8456194125970025,0.0030580758917092164,0.0037839971452702033,0.016344100753124053,0.022171440195696748,0.02526586816612894,63,952,2021-02-17,2014,2857,AAVE
138,0.0009163901558979016,0.00369389599548513,0.0028754078196830185,0.0337168894954871,0.8502904135537819,0.0029189348966672415,0.0036756237560850147,0.01738223492747041,0.020254814179574664,0.020773531852932316,63,952,2021-02-18,1984,2486,AAVE
139,0.000744226342164446,0.003240018671670588,0.0058748192299445,0.05322219714181901,0.8608287163338917,0.002859431561229353,0.0032937613975157934,0.016072561078044386,0.01724697681894184,0.020881796047999116,63,952,2021-02-19,2089,2797,AAVE
140,0.000799741870836394,0.00432971752553841,0.006213383116251298,0.05574947145957015,0.8397237528978785,0.0029513785821509444,0.0029450223153110913,0.015113039793009247,0.02327930935352489,0.02449088295722684,63,952,2021-02-20,2077,3129,AAVE
141,0.0008328560974683923,0.0032383283138747248,0.005271062874157978,0.057770646189784836,0.8432411439764735,0.0025950343666713426,0.003795430598137497,0.017117208423746404,0.022169850933549937,0.022982209088196367,63,952,2021-02-21,2071,2635,AAVE
142,0.0010109957430732735,0.004283893645573952,0.005958989034831012,0.05611165250522787,0.8249267551277958,0.0029573984876088747,0.0036974869721057174,0.017761982253964793,0.022889376686644158,0.026174077132682015,63,952,2021-02-22,1738,2609,AAVE
143,0.001154037973068534,0.00593649066767882,0.00682122257556423,0.05398202374787303,0.8242169245898222,0.004057486557514047,0.00404257454335882,0.01764691543468825,0.024919045174979778,0.02717325332163383,63,952,2021-02-23,2134,2747,AAVE
144,0.0009598417110689723,0.003794368195100469,0.004430920698280781,0.04545521229430612,0.8407369172571777,0.003059485696581638,0.004104806698707378,0.017638634341940126,0.021914826129023436,0.026779884348503216,63,952,2021-02-24,1727,2441,AAVE
145,0.0010658676597541117,0.003472852106587373,0.004866369213089664,0.05128495419078451,0.8375063299803344,0.0023674333557886632,0.004794195709934926,0.019338807947987424,0.020117738035880208,0.023718197132268293,63,952,2021-02-25,1606,2134,AAVE
146,0.0012426499031709024,0.0047068744115470774,0.005755054701936646,0.04578143662902332,0.8244081314770689,0.003761634542736348,0.005082366996498912,0.019067448356118146,0.03005117397992496,0.029806665927231298,63,952,2021-02-26,1619,2180,AAVE
147,0.001002661684230029,0.003723725033039172,0.0043280625687218835,0.044949807489984374,0.8540889234637175,0.002402498598542484,0.004392841518776055,0.01863143751048996,0.018907745948095356,0.026695403123076056,63,952,2021-02-27,2281,2786,AAVE
148,0.0012793895838878037,0.00568282371734323,0.005908377581224031,0.056479271656365154,0.8297672105687784,0.002484897819287948,0.004671484786145016,0.01904689531485621,0.02465253030627766,0.029267663699000298,63,952,2021-02-28,1918,2684,AAVE
149,0.0012520780865429508,0.0051527683460491315,0.010204008818649205,0.08459180076771508,0.8178139263508515,0.004583392276135238,0.004820655680439811,0.018645979202299375,0.026622086136657595,0.026956980664334426,63,952,2021-03-01,2531,3724,AAVE
150,0.0011296679751521626,0.004563949077274177,0.005430903073219469,0.05485630970084375,0.8356649510802903,0.0016470329877178397,0.0044119635660866754,0.01859097150145623,0.025056338759624593,0.02841175611537867,63,952,2021-03-02,2641,3823,AAVE
151,0.0009271050515371007,0.004155755604609546,0.003140214183026318,0.036919977131630234,0.8522215591078273,0.0006629434690023705,0.0041259484185763905,0.01823789864656056,0.014166851392828307,0.019927089125449098,63,952,2021-03-03,1971,2493,AAVE
152,0.001113515706026702,0.0035931326536754525,0.003537662094330031,0.041950251405884584,0.8411819508695559,0.0019012502160511608,0.0048296318674096615,0.01942437480529474,0.019812926604688863,0.02420057633425605,63,952,2021-03-04,1909,2302,AAVE
153,0.0014767143331425204,0.00478493786356147,0.0062559781991024955,0.052608225800474064,0.8272947088102128,0.004845548152634767,0.005310894838610228,0.02173202198588071,0.027978430897371537,0.029306599230425112,63,952,2021-03-05,1447,1706,AAVE
154,0.001377349538874072,0.004515614745978322,0.005258805515713415,0.051181700161737675,0.8055462934327532,0.0022961136151033253,0.005144792858482725,0.02095912601953337,0.02089055681191889,0.031178161594844492,63,952,2021-03-06,2116,2713,AAVE
155,0.0011530366297346974,0.006590599609999848,0.012309192161503923,0.07450179577909663,0.7184562400784472,0.0012309676284822462,0.0037400772228617513,0.017593384932607373,0.05011883834537846,0.04760498132336354,63,952,2021-03-07,1660,2191,AAVE
156,0.0012944740006815144,0.004891773766060654,0.005888677152482432,0.058440207312292845,0.7987271680637177,0.002115168196547937,0.006009340534714186,0.019583456860894268,0.030279073553487922,0.0360392985350285,63,952,2021-03-08,1350,1826,AAVE
157,0.0008002152921014622,0.0024692944580901282,0.0031232433681862852,0.04317264829994308,0.8679723324103645,0.0009593859929645027,0.003580929836562094,0.017016519504438207,0.012792550348095717,0.02049878931821114,63,952,2021-03-09,1626,2085,AAVE
158,0.0012556116997335253,0.00413667162460907,0.005637211490840099,0.04910028936101204,0.8222408679225799,0.0027286395782674068,0.004906777230639633,0.020454602416398963,0.028368086563207415,0.03038787581896547,63,952,2021-03-10,1525,1905,AAVE
159,0.0013913498471893554,0.00413523707384733,0.004380676662379163,0.040884962417209195,0.8268593491250485,0.0031252712909106695,0.004642662869874046,0.02159259236923086,0.021311561191603236,0.02358940529008124,63,952,2021-03-11,1508,2021,AAVE
160,0.0010890992440232789,0.004485118221063677,0.004836510921478439,0.05067189402480887,0.8088852005884797,0.0018299526652243929,0.0049840250661094525,0.018878370575121848,0.030217444666870586,0.022333647790131448,63,952,2021-03-12,1084,1432,AAVE
161,0.0013012960195316167,0.005408428985565778,0.007276515989950009,0.06264605261908109,0.8398409390338052,0.0028197608842770133,0.004844018112550229,0.01997055023835877,0.016356227776318434,0.025737758243658586,63,952,2021-03-13,1270,1627,AAVE
162,0.0011777819841419781,0.003541364684392899,0.0034516101272845747,0.0407864749210148,0.8363973945717286,0.0019195275009228497,0.0039230643643565705,0.0202607351665238,0.016212447737088933,0.021902075907820968,63,952,2021-03-14,1182,1478,AAVE
163,0.0013014658427615178,0.00409079351947611,0.0041053622964503786,0.04260075236123576,0.8564887474048477,0.002719238613188307,0.004811678909110311,0.021946107097154367,0.02037035342303573,0.024232683901799924,63,952,2021-03-15,1054,1396,AAVE
164,0.000980204496740701,0.0062348849586512595,0.002689102698208306,0.034424108605555066,0.826952080000004,0.00027476137571826205,0.003433950759636022,0.020173336688838504,0.014205745294907061,0.025211738826301903,63,952,2021-03-16,1090,1321,AAVE
165,0.0013403085575750756,0.0044963427277380915,0.003129180209435311,0.03638026322786348,0.8545845685987428,0.000976132600914885,0.004474808344887792,0.022587345277310662,0.014348660543742082,0.02337591728692946,63,952,2021-03-17,1013,1230,AAVE
166,0.0012650320955553554,0.004419709119363999,0.004184983517062974,0.04102729753825329,0.8467468016265662,0.001660293821694506,0.004833825806590569,0.02192383654798713,0.014063900267858287,0.01900617545885717,63,952,2021-03-18,1053,1345,AAVE
167,0.0011954227890576406,0.005369414897397246,0.0032009293664784877,0.043641273126354393,0.8443132502308374,0.0003568515497553018,0.004277614860434143,0.02119437751007199,0.008973670510785101,0.016108286347783336,63,952,2021-03-19,1218,1572,AAVE
168,0.001421675521153428,0.004346298005605899,0.005973487683614677,0.05327166871874968,0.8478476239902301,0.0039065325906098534,0.00535358755426929,0.02223368306398469,0.020345427196278347,0.02650865371174345,63,952,2021-03-20,1201,1736,AAVE
169,0.001617934590927931,0.004156510775676568,0.004925756398871759,0.05297249149725288,0.8491553612850686,0.0028117677688102058,0.0055816473288493535,0.024965477876820245,0.01460412950051792,0.024485565439207508,63,952,2021-03-21,1185,1636,AAVE
170,0.0015840197042108928,0.004485909133411863,0.00531279757623379,0.052718329218069786,0.8383359543180837,0.0028696946078084038,0.004940570785955264,0.02427857735067858,0.018095557987816716,0.02583381050500544,63,952,2021-03-22,1084,1617,AAVE
171,0.0011348161597821943,0.006013412197561821,0.0023283650128654012,0.03491404838620773,0.8240497518122899,0.0002243661655822302,0.004501352682232387,0.020824386915468118,0.01465671905036337,0.026565918127279497,63,952,2021-03-23,1041,1511,AAVE
172,0.0013388629291594463,0.005650521830132446,0.004407087096847271,0.04554249233097105,0.8316812929435109,0.0008924449915371596,0.004215220633131599,0.022190694700644005,0.018423949855004854,0.02716191879419488,63,952,2021-03-24,1009,1397,AAVE
173,0.00154897685500474,0.006131958779701731,0.0031017600817903703,0.034803898678034725,0.8347556868782695,0.001170079398244881,0.005013556696888354,0.023213484545170585,0.01334960670068965,0.020420724567812895,63,952,2021-03-25,1019,1455,AAVE
174,0.0011138437073509872,0.0072381759652798226,0.00456545672513783,0.048034433221302096,0.7957573799187199,0.00033861801142759526,0.003645501970680104,0.020041021938162387,0.018821090158916087,0.03369107497946117,63,952,2021-03-26,1169,1642,AAVE
175,0.0009003894121155328,0.008199994093977791,0.0022561643742811375,0.031108866407565397,0.7606827677160497,0.00010145956836200775,0.0035178341980335055,0.0190266082901776,0.005419014363647439,0.01245389245686031,63,952,2021-03-27,1443,1891,AAVE
176,0.0018634692867745663,0.00540397128152767,0.004970933669906369,0.04923737279501967,0.8347088516237376,0.002321697690521771,0.005293490259653568,0.025235965344764386,0.016695895488040114,0.022941341474673294,63,952,2021-03-28,1153,1377,AAVE
177,0.0016807933853467487,0.0050444797138853095,0.005137402594677003,0.050234626073780195,0.8172661227099364,0.002256078879202295,0.005608023304229656,0.0237289211244702,0.025331767012297536,0.03436443353610779,63,952,2021-03-29,1150,1656,AAVE
178,0.001331578016214158,0.006069470126219995,0.002951523010011487,0.034303781519667335,0.819198455767139,0.0006883716186931137,0.005032195683087652,0.02201972225858391,0.026004894916027203,0.03429000911569051,63,952,2021-03-30,1101,1563,AAVE
179,0.0020643842113929793,0.007103322323252411,0.0029231385276143637,0.03596824658093926,0.820249474310654,0.002313030069390902,0.005790637226807787,0.02463030489149824,0.021702644182271177,0.02849243908045367,63,952,2021-03-31,877,1239,AAVE
180,0.0020495766839184405,0.0060239067733390056,0.004414565610888065,0.04257215542385399,0.8139293634008951,0.004020485330014837,0.006101193540392518,0.02493015129516197,0.019296608026100056,0.025388558635663486,63,952,2021-04-01,1839,2880,AAVE
181,0.0018336125253639592,0.006100442103976054,0.007817931214655778,0.06160668804777473,0.8222841037767037,0.005960057160782127,0.005604548107674108,0.023545566900652508,0.024378038403444307,0.030063233222268487,63,952,2021-04-02,1590,2227,AAVE
182,0.0018310502952468177,0.005959817459091627,0.007171796941577665,0.05478326745536009,0.8258436476442443,0.004415098842528141,0.005284015805570421,0.023439928795575413,0.01706486468216112,0.026286995957256802,63,952,2021-04-03,1565,2251,AAVE
183,0.0017722959455242064,0.005185048017176628,0.006433156697039859,0.05443570801692655,0.8345726015525724,0.0033243830712185144,0.005752302504070311,0.0239364067485605,0.023525301856371302,0.027691737320307625,63,952,2021-04-04,2426,4670,AAVE
184,0.0016942241432037696,0.004483308295257131,0.0035822243844358965,0.03774880356788054,0.8276746867685059,0.002769961308476961,0.0059053740514330355,0.023413598654468175,0.017590488998824157,0.023666972336064233,63,952,2021-04-05,1851,3030,AAVE
185,0.0018453210858688982,0.006348684279971033,0.005309957454304788,0.04914707354899474,0.8080945879717125,0.003039911090772399,0.0053885717236293925,0.023081263718274906,0.02810831504951253,0.03126927941687861,63,952,2021-04-06,1661,2570,AAVE
186,0.0020442730370514015,0.0068317598415989856,0.0042989001871014,0.0408011440855005,0.785050220551962,0.004337767495662233,0.006269538016653712,0.023195633295211918,0.026428752346323553,0.027781414658133385,63,952,2021-04-07,1513,2374,AAVE
187,0.0016834125550043984,0.004538400855098203,0.00483022962925221,0.048832211600204345,0.8420357355235963,0.0029359679373660175,0.006492999242663431,0.02402901426371568,0.016443242537188194,0.023383273099627174,63,952,2021-04-08,1555,2235,AAVE
188,0.0016070702247687775,0.004349975156021155,0.004637155551738563,0.04955437345646869,0.8500158559882256,0.0018054162487462387,0.0061670504628457785,0.02385600423765788,0.014894286307385566,0.024081997650712908,63,952,2021-04-09,1488,2309,AAVE
189,0.0015999280464791589,0.005070102467556642,0.0059892708773116865,0.04963087896736169,0.8289723220622198,0.0036875170718382957,0.005550119642156361,0.022499701255413097,0.023827619587801725,0.030945029631441853,63,952,2021-04-10,1913,2660,AAVE
190,0.0014207010237723104,0.004004525682169313,0.00526782123314698,0.0478117193069187,0.842671031442568,0.0030992921369810598,0.005240937566916594,0.02221151955183793,0.013237225938954348,0.022268940475417096,63,952,2021-04-11,2059,2706,AAVE
191,0.0015123906192351774,0.006500931351064162,0.0050506710146870915,0.043589157109991075,0.8216546278537127,0.002426361240835921,0.004839309089811814,0.01990503379566963,0.02206452422175317,0.02233772192027358,63,952,2021-04-12,1690,2428,AAVE
192,0.0013799994433843362,0.005590702905816351,0.005868937899362582,0.054727790487598474,0.8210727077224315,0.0041841004184100415,0.004420564359318729,0.019811155278294756,0.020558828395853886,0.026991506352423103,63,952,2021-04-13,1714,2471,AAVE
193,0.0017049304448730166,0.00712546436898544,0.004719180606765026,0.043654082720583055,0.8149197628958925,0.0032326776093221403,0.005041670398460991,0.021279320477750458,0.02156865024938562,0.028664914498291227,63,952,2021-04-14,1619,2386,AAVE
194,0.0012800007904288206,0.0061649472325426054,0.005922365147436761,0.05648469381669673,0.8381749626327373,0.0034090458635588853,0.004260547373615217,0.01825746982814641,0.01917143440457367,0.02665598922507922,63,952,2021-04-15,3182,4718,AAVE
195,0.0014294551110242595,0.005486114738204376,0.0033430825500771933,0.03648490861270169,0.8264208644190135,0.003005099562894609,0.004451900752012523,0.0208449157303835,0.017696990473466068,0.019814776591697243,63,952,2021-04-16,2463,3965,AAVE
196,0.001538708126302289,0.00481424017764288,0.0033354748118344544,0.036989196860093304,0.8285986797062382,0.0019336749492410326,0.0048611220843846,0.02283233983815777,0.019897844814880935,0.028506872547181098,63,952,2021-04-17,1668,2100,AAVE
197,0.002163554381899242,0.00980347646919521,0.011734587498895038,0.08170674065157521,0.7797772897964975,0.005896572758285702,0.006121482129107311,0.022191198811503925,0.03183964494572582,0.03168690055254782,63,952,2021-04-18,1498,2342,AAVE
198,0.00214719124488024,0.009377921549246514,0.008099643113875805,0.058859577948908955,0.8027928786833791,0.007901780024639959,0.006062457998367748,0.02423723140472051,0.021837564264495818,0.024967282385265716,63,952,2021-04-19,1659,2425,AAVE
199,0.002217255124263122,0.008534783508248376,0.0037394440033286136,0.046631885697828855,0.8034592008074019,0.0034095214042177044,0.005074888305499825,0.02394558940496811,0.019025332757985215,0.02244499066219014,63,952,2021-04-20,1601,2717,AAVE
200,0.0013415658455492759,0.004888465722651002,0.0029817399367595373,0.0352675412981367,0.8407626026142456,0.001963259009956528,0.004446300531182836,0.02051219970841301,0.012976785494390053,0.0198021528805548,63,952,2021-04-21,1530,2262,AAVE
201,0.0018245389065571498,0.008243703246314188,0.007473809082840354,0.05587424347869081,0.789296265273967,0.004369901781255202,0.004937939255523618,0.021186457536795156,0.030643232757682236,0.037957634268506985,63,952,2021-04-22,2225,3811,AAVE
202,0.00179818307655396,0.008255518290807277,0.011338357789324195,0.07760060966728971,0.792188334534807,0.00570578625246885,0.005846580953658376,0.02153621220451791,0.029035555873996553,0.03385780651292333,63,952,2021-04-23,2681,4973,AAVE
203,0.001455572948297901,0.005668459030809086,0.005805160299594067,0.05340187862315555,0.8193617783642191,0.0014559458951718955,0.005590684743954189,0.02136108717470504,0.01980782597195565,0.030210740955897052,63,952,2021-04-24,3798,5445,AAVE
204,0.0013946181840974068,0.005537606772577057,0.00502476584326532,0.05232537573740136,0.816722635283262,0.0017834190231362469,0.00595791901924893,0.0201782367144803,0.02408652956540041,0.03272289028124178,63,952,2021-04-25,2755,3984,AAVE
205,0.0012966455655327256,0.005904015476686327,0.007026989368581359,0.06189422116944744,0.8089396293295853,0.002122414688878326,0.004867677115822953,0.018422956390162747,0.025696799350750095,0.03413875457386077,63,952,2021-04-26,2911,4275,AAVE
206,0.0013887652505781426,0.005792300566893612,0.00734133087051313,0.06591827811827364,0.7952669242528783,0.002545592705167173,0.005264858904755124,0.01894250963647399,0.03549294555271897,0.04024553234779404,63,952,2021-04-27,2776,3870,AAVE
207,0.0010714702923957289,0.004948048682927266,0.006761323339308386,0.061312411282575766,0.8238112247977016,0.0033275589177332717,0.003862258438049325,0.017118848075654464,0.0253831166487049,0.03486367333240305,63,952,2021-04-28,2106,3091,AAVE
208,0.0016392569947794682,0.006936634806477051,0.007667824825009688,0.06174178589241882,0.7789625483880109,0.0021878291872619725,0.005302726643416006,0.02056027821165725,0.028868110584718266,0.037846454355470044,63,952,2021-04-29,1983,2835,AAVE
209,0.0023114432691567666,0.011980232144597773,0.00526221571402862,0.049516667515086335,0.7498809601401039,0.0009090909090909091,0.007674259853963996,0.022740023676017115,0.03964056765938806,0.04278688967726242,63,952,2021-04-30,3023,4619,AAVE
210,0.0017485443635262186,0.01052928311730892,0.008288843220896357,0.06877319782925106,0.757420543380746,0.0009917982176802617,0.005254027923215105,0.019359715104524423,0.04463881099632946,0.05163491316613069,63,952,2021-05-01,3574,5945,AAVE
211,0.0018226210895530678,0.00991374371870812,0.007775566385806995,0.06467985306923747,0.7759501894529164,0.0009773940601097346,0.005511803410871926,0.021017830789212148,0.03358817511267401,0.039451188394741835,63,952,2021-05-02,3145,5474,AAVE
212,0.0019395318854029007,0.011596992864383102,0.013011886911223116,0.08477284016069307,0.7394908224837858,0.0014400074322964247,0.005870010432708242,0.020746734801855526,0.044128836161332875,0.04672623829643501,63,952,2021-05-03,2465,4490,AAVE
213,0.002463681592039738,0.014463833515823338,0.013300786354236194,0.08394894262601935,0.7303098406605886,0.0018614037616651103,0.006938409215704017,0.022026487132771305,0.05470151521572191,0.04780545501153333,63,952,2021-05-04,2038,3471,AAVE
214,0.0019673650869950036,0.009979923230867162,0.007214599596134249,0.057555211191395,0.7347637787897507,0.0009454112538954446,0.008737662429579018,0.021416299520501083,0.04629150827039933,0.0437498940659237,63,952,2021-05-05,2199,3433,AAVE
215,0.002023107256717055,0.010534599186038834,0.006193854204474982,0.04954613107588242,0.7232179162762208,0.0009054015873423574,0.007207720638537545,0.021868788512476076,0.044055202551326895,0.043796856007737854,63,952,2021-05-06,1833,2821,AAVE
216,0.002246260613548636,0.012289569988691195,0.008940727525851037,0.0668898397459939,0.7325475089014835,0.0009491086471890934,0.006846317541499467,0.022945490959017715,0.04273619131924993,0.03839745445979989,63,952,2021-05-07,1745,2858,AAVE
217,0.0030658000671811014,0.020116801440328937,0.00697476873645752,0.05816984482634512,0.7290199153486315,0.0007078746517347466,0.011562761827020571,0.024426728560706594,0.03621195995202979,0.035111528559766014,63,952,2021-05-08,1521,2419,AAVE
218,0.002997439132818986,0.017217687912556616,0.006043994731462962,0.04949788175613703,0.7296173385146869,0.0010265244478006418,0.013370208110707296,0.02347411465475582,0.04013219998009058,0.04029287941645109,63,952,2021-05-09,1232,1863,AAVE
219,0.00316085668378024,0.01964719634505686,0.004951314863358228,0.054268959621413225,0.7343577074632156,0.0006034309358926468,0.009673782572607955,0.025755569492942026,0.03819070558436364,0.03710549857494297,63,952,2021-05-10,1071,1843,AAVE
220,0.003726076996970486,0.019421112499019923,0.0053544182358764986,0.05707711074324045,0.7447585804722039,0.0007260281076595965,0.007628022345496303,0.0300548796015082,0.037033946186910235,0.03472319763329524,63,952,2021-05-11,1086,1887,AAVE
221,0.0025157007594400747,0.016821643010070858,0.0156778573156017,0.10876820073313781,0.7409279435760483,0.0018018572990621102,0.005261780690169963,0.020832220208340774,0.04640223594025343,0.040663601288124115,63,952,2021-05-12,1222,2312,AAVE
222,0.001979495363373449,0.01303030846033697,0.009721420164954968,0.07198264518028853,0.7296651516426851,0.0018079212176139176,0.005067800157793102,0.01917949796975992,0.04577448714902443,0.04459320184759399,63,952,2021-05-13,1340,2411,AAVE
223,0.0022351945689191854,0.013365230859112266,0.012748018991657175,0.08107735891776392,0.7415137215761484,0.0019023831554971756,0.00604173913119722,0.021115691968528465,0.04687584405289724,0.04239251778519853,63,952,2021-05-14,1635,2501,AAVE
224,0.002199169616545043,0.012453909790532805,0.008114026558915423,0.05801297986753651,0.7267414087732722,0.001516988324376187,0.00558985154732586,0.022016659798381272,0.04524362062314084,0.04344918896413301,63,952,2021-05-15,1237,1992,AAVE
225,0.002491805792490113,0.013978189506829471,0.011782991195330314,0.07423944070635671,0.7266637753997148,0.0020989643268124283,0.006211045220812385,0.02275027445665397,0.04942642409062734,0.04462660461413128,63,952,2021-05-16,1353,2085,AAVE
226,0.00234582419512846,0.014743263347690782,0.012426507197269157,0.08010437844413915,0.7239843802544114,0.002485292553638099,0.005694924708166879,0.020138862320208926,0.051251766020858285,0.04548360497510067,63,952,2021-05-17,1278,2170,AAVE
227,0.0015740079428261636,0.011133542909580444,0.01256029767895994,0.08228760327585807,0.7278093680614104,0.0016850833347264247,0.004780742478850782,0.017501454276125022,0.05143461212695707,0.04635062872063503,63,952,2021-05-18,1293,2365,AAVE
228,0.0020938821858037817,0.011760174484212321,0.01562264665199547,0.08825845189456494,0.7293247348142923,0.0025619128949615714,0.004657692799879575,0.019726716105498993,0.041404613312538203,0.045138091914080906,63,952,2021-05-19,1168,2692,AAVE
229,0.0021411392740611082,0.013991771755623966,0.011269866383269775,0.07186314432592242,0.7268802929335033,0.0017093227386122147,0.005553050617196325,0.02042986296019913,0.05665198235680806,0.04606387442121043,63,952,2021-05-20,1329,2355,AAVE
230,0.0026622768455892855,0.016298555870992566,0.013000924584562397,0.08481015885064731,0.7230109082294164,0.0020909262512886786,0.005734672710667812,0.02165301767480227,0.04460808112400284,0.047503841823387544,63,952,2021-05-21,1262,2420,AAVE
231,0.002526174060403379,0.016761633364472894,0.012056361443059008,0.08428046882961615,0.7292350190890581,0.0023131967514358393,0.006285141715179941,0.02103344163160289,0.046493042402446734,0.04313781323193925,63,952,2021-05-22,1404,2455,AAVE
232,0.0029461827810117543,0.01949973053928301,0.01812821057527049,0.10400922966773739,0.7111951556923454,0.0032660526487686982,0.005672137225186486,0.021239976156260998,0.054359272502957114,0.05043270183336019,63,952,2021-05-23,1254,2468,AAVE
233,0.002455428632432903,0.017422430819558698,0.013851413944563247,0.09135891807055614,0.7261066566284267,0.0019076932942176054,0.005720182016740617,0.020237273087981567,0.05601991257347151,0.045479143738011506,63,952,2021-05-24,1400,2679,AAVE
234,0.0022780070327558643,0.015089101090942017,0.006564138463436604,0.05718595658964108,0.726285952553582,0.0008880582287591563,0.005667035892240628,0.020876192044469617,0.04578530594702093,0.04705946246173288,63,952,2021-05-25,1431,2514,AAVE
235,0.002362983069995213,0.014704177346976616,0.011283226397108114,0.07996257545299676,0.7180307325570872,0.0015903288507589097,0.005938859865310054,0.02182248505457737,0.056677058362393035,0.046703458685004126,63,952,2021-05-26,1506,2572,AAVE
236,0.00275732064916287,0.01659467310280661,0.00861447161317567,0.07086412958665225,0.7153024459785285,0.0014021382608477928,0.006221871916034259,0.023295088578949588,0.04795383047549096,0.04965546966794433,63,952,2021-05-27,1354,2099,AAVE
237,0.0033490808171758326,0.02135300295050721,0.010167708002592028,0.07139461538306136,0.7198581334156382,0.002091291061879297,0.006680169504089734,0.02388208619478172,0.043217184833801804,0.04323114178091425,63,952,2021-05-28,1276,2068,AAVE
238,0.001402399845277769,0.01125692447498375,0.004544171372951929,0.050128283445611044,0.7291812574470534,0.0002456206184863629,0.004274146252136959,0.01930427275390765,0.04334313172747014,0.06532514343274717,63,952,2021-05-29,1570,2699,AAVE
239,0.0027848118597537785,0.016591916977866803,0.008443939305428805,0.06197631800928547,0.7316765409265357,0.0015316315205327414,0.006845446977026173,0.02387496793129403,0.04171387121247085,0.04469210087531485,63,952,2021-05-30,1349,2442,AAVE
240,0.0030170868889133943,0.018191760985356673,0.0063888262024280554,0.05432644631573501,0.7127791632126453,0.0020317283607013637,0.006988678504273959,0.02323914282671111,0.05238197386881733,0.05120846530005633,63,952,2021-05-31,1503,2484,AAVE
241,0.002515723270440143,0.014640965973009176,0.009908828298394224,0.06915305360139766,0.7239860065473372,0.001648236648411065,0.006108191614582949,0.023117611289737328,0.04189684600661588,0.04232968873767533,63,952,2021-06-01,1409,2295,AAVE
242,0.00235425030734838,0.011285531747784095,0.006947435054914604,0.057619512642080824,0.7316344673168999,0.0010498746923754262,0.007309656188770602,0.024576329941931964,0.036817574688627626,0.041720966427057214,63,952,2021-06-02,1442,2195,AAVE
243,0.002212680899094309,0.009881507941752974,0.006631190340297388,0.06626884478851368,0.7203593367869633,0.0006615612846317309,0.007469389091388803,0.024250511430917682,0.045034096928938006,0.04939514465043239,63,952,2021-06-03,1359,2007,AAVE
244,0.0026135364465614585,0.011855901965432531,0.007937789147454025,0.056556422584181795,0.7107148460920582,0.0017018088408434122,0.007352992416832103,0.02483119111421765,0.05785452323277464,0.053439745758294195,63,952,2021-06-04,1426,2303,AAVE
245,0.0023688810400110034,0.011702560629087703,0.008596033308357107,0.061525414090332964,0.7434000207146324,0.0015483326099961293,0.008770409695599014,0.023741222125278447,0.042240487805361535,0.044310968566380955,63,952,2021-06-05,1562,2344,AAVE
246,0.002059447744601558,0.010814663436559336,0.0035883676340703113,0.038586941965694746,0.7166843533668292,0.0004174424691390746,0.007656496058335723,0.023523122577849945,0.04269207220974057,0.05263575085182382,63,952,2021-06-06,1617,2386,AAVE
247,0.0023147442708723685,0.011186064857395334,0.011608375770957777,0.08192728950950673,0.7353453560566008,0.001738918209829464,0.0059496587605862485,0.023380614473017033,0.04235799594832232,0.048624113053747954,63,952,2021-06-07,1486,2374,AAVE
248,0.0026178412125508186,0.013418273252327117,0.009688680146472953,0.06134929308644203,0.716852758363294,0.002115485352782367,0.007027654227335049,0.023562197218758366,0.05037997452074079,0.04454682115259794,63,952,2021-06-08,1397,2437,AAVE
249,0.0033055170302215622,0.017839671188683424,0.00992223118898866,0.06443901363567438,0.7056157823253171,0.0016715982015909003,0.007726594278372865,0.024474924738397234,0.05178867797103558,0.049467355435123594,63,952,2021-06-09,1396,2709,AAVE
250,0.002896954353265148,0.014217352395299804,0.010203026896301544,0.06429508931118988,0.6920275257210304,0.0024585864766816733,0.00817858255297854,0.025030894450921836,0.046699646288295385,0.04236450868271054,63,952,2021-06-10,1395,2565,AAVE
251,0.0029246382662828693,0.015422450227842797,0.012987285326065145,0.08591860132557746,0.7048522270183488,0.002635241168981139,0.007395953585629882,0.024154234746349125,0.05483991009605995,0.05115244101354629,63,952,2021-06-11,1146,2040,AAVE
252,0.0027147417036679946,0.016711418446735456,0.00915656048694975,0.06399563226432317,0.7013217598836551,0.0013248046247725082,0.007199609524324256,0.023356074657948454,0.051960917072621605,0.052433152633775404,63,952,2021-06-12,1323,2278,AAVE
253,0.0026829619949507283,0.01727377584059119,0.007601341033955206,0.05944235076459401,0.7087516564338425,0.0013699694914595518,0.006593561463432377,0.022594633916590265,0.05960586633122692,0.06228441585208,63,952,2021-06-13,1425,2304,AAVE
254,0.002760323999578234,0.015732750952287766,0.011559716054959897,0.0695074248678472,0.714300716920589,0.002048733708208012,0.006808305169024353,0.023174350232937804,0.05959922354184199,0.05493455145036705,63,952,2021-06-14,1309,2094,AAVE
255,0.002360315315527479,0.011770184843184725,0.006180762013096314,0.055068378896459935,0.7095037698745728,0.0008825881898667843,0.00834338703171475,0.023598955321594433,0.0439750942170636,0.042310382636425295,63,952,2021-06-15,1313,2239,AAVE
256,0.0030835860067449515,0.014640257447353968,0.006387864470376903,0.05646745293326998,0.703256394757417,0.0008513158381759633,0.00924193795699206,0.02574928435146495,0.04767005679972451,0.04789294252793976,63,952,2021-06-16,1214,1883,AAVE
257,0.002684772523718346,0.011585851888494226,0.008055488686219407,0.05950902670971504,0.7226535787910746,0.0017036258837559272,0.01146232833371592,0.02451773866091517,0.05121676539227794,0.04578645456469731,63,952,2021-06-17,1261,1856,AAVE
258,0.002875595025220538,0.012807523864736145,0.009877726500459124,0.06490155506225448,0.719488570171523,0.0024042994531397323,0.007613583132437406,0.024834614366774057,0.0529623016817876,0.043038759990191064,63,952,2021-06-18,1267,2198,AAVE
259,0.003477252970153588,0.015307993602632703,0.009606504891624134,0.06404272912682207,0.7121861841653665,0.002809633027522936,0.00883869855684616,0.02761982252944069,0.04615828147691274,0.04479576263926267,63,952,2021-06-19,1167,1816,AAVE
260,0.004562095908249715,0.02376578935042688,0.012226296927280039,0.0805325646198909,0.7149632301560894,0.003466363436284939,0.008756700523417035,0.02772298532745667,0.05559946731510396,0.0480681166890157,63,952,2021-06-20,1254,2310,AAVE
261,0.003539823008849618,0.0175307522472607,0.013230238892583564,0.08427370251597012,0.6919573196478233,0.0030086958648777563,0.007206523423013699,0.025075204104358612,0.06342749063255558,0.05488563280700288,63,952,2021-06-21,1130,2471,AAVE
262,0.0033732364520825896,0.01944151043047871,0.02159328102659313,0.10419536356260041,0.707835325881439,0.0047307897588510246,0.0061337747293880186,0.022730589020005017,0.05696837760843573,0.043912966550592104,63,952,2021-06-22,1098,2479,AAVE
263,0.004139770105179514,0.028367232232509716,0.016936573148360032,0.0796991894543312,0.7096446037143535,0.005334057711541073,0.007477844487266385,0.024685636150161904,0.058535802502831115,0.04682285213887641,63,952,2021-06-23,1213,2872,AAVE
264,0.0031957172312057757,0.018296030125481293,0.014812295489452789,0.08482073900516988,0.7119152639001424,0.0019944293524981945,0.008670106790973933,0.024711308080140618,0.05759971279511832,0.045361519551448154,63,952,2021-06-24,1170,2714,AAVE
265,0.0037632283737109584,0.02189012802727522,0.00867927705361776,0.06661649807445764,0.7182733990701018,0.001962736452851657,0.008052541104634667,0.026810535682701458,0.04592190773704869,0.038325907479247565,63,952,2021-06-25,1010,2166,AAVE
266,0.0033217355340374156,0.018206802341208823,0.013022015455137651,0.07327597563677057,0.7175708605537157,0.003061540846380406,0.007905452438304884,0.025420006912988305,0.05327061100723509,0.04653386803705334,63,952,2021-06-26,1203,2600,AAVE
267,0.003846956449155805,0.024626618246185894,0.011535808091332,0.06981788657867913,0.7098055116089368,0.0027035145689396217,0.008946156196296278,0.02534663319036661,0.051457125209583184,0.04504699814061468,63,952,2021-06-27,1200,2468,AAVE
268,0.003077400793289388,0.016673907498915706,0.010118471645079388,0.07032743093977627,0.7175876540332496,0.002384764378561752,0.008176234291793939,0.024328310306975864,0.05651710856088394,0.048833985090275575,63,952,2021-06-28,1584,3889,AAVE
269,0.0028596872439710696,0.01643459131357936,0.012735464117060485,0.07569927489604356,0.7431126942556393,0.0028812202815310015,0.006661132126938667,0.023507823255283975,0.05253943157373296,0.046751679652117885,63,952,2021-06-29,1897,3752,AAVE
270,0.0025358610362298684,0.016107407939387988,0.008090936638231096,0.06148929304931101,0.7526750224465529,0.0007767906462898177,0.006034985474114056,0.0236313622469811,0.043595105132618196,0.05594338086013528,63,952,2021-06-30,1604,2836,AAVE
271,0.0035680930774035172,0.018638922139841096,0.01393855870058712,0.08139038383373165,0.7287464028984828,0.0028052299804923663,0.007590016963614542,0.026664337053510522,0.049266207845557075,0.04139206687521715,63,952,2021-07-01,1503,3863,AAVE
272,0.0028540325148144097,0.016131530214099157,0.008443831660395449,0.062442455775954774,0.7671807296277288,0.0019827121415030347,0.00786557152896024,0.025591684458054,0.04056357180056327,0.03691116290448724,63,952,2021-07-02,1624,3773,AAVE
273,0.0030439069752528124,0.01824307505624199,0.01141256197190885,0.07076223503215627,0.7336963234636219,0.003742648369274639,0.006388476251879287,0.02434078361451,0.04159059279117442,0.03867662163403634,63,952,2021-07-03,2832,4712,AAVE
274,0.002957175811174425,0.019626001566252767,0.011598734556716455,0.0810025392586929,0.7522530674752239,0.002658797405481213,0.00671377080233913,0.02302047979389659,0.03749192304899597,0.041395629492090455,63,952,2021-07-04,3578,6290,AAVE
275,0.004174774329259006,0.03101726104954406,0.018567408198084376,0.09475231084717103,0.7266927715230383,0.006486486486486486,0.007156257873310855,0.023399993644784813,0.051422902838423414,0.044349323843294826,63,952,2021-07-05,2656,6449,AAVE
276,0.003060958892224321,0.01848335175289539,0.012436886467552219,0.07417170105257964,0.7160950462995123,0.0029405076492405647,0.006050695793273155,0.022389573497182968,0.05354585047913267,0.0454502439940403,63,952,2021-07-06,1755,4071,AAVE
277,0.0033569367951743756,0.017837778695508188,0.007407350346824913,0.06322167072507985,0.7471177272829342,0.002108842425332265,0.0076345342879678806,0.02567162224812001,0.043103030440016794,0.03843558120140816,63,952,2021-07-07,1546,2887,AAVE
278,0.004392864182929181,0.028596295343721687,0.018748439494500134,0.09399759936839099,0.7137676741810944,0.005708888364146515,0.006767416149121181,0.02562063832565932,0.045012048342332134,0.03858325859523249,63,952,2021-07-08,1300,2458,AAVE
279,0.0040455477348682895,0.026083362842801678,0.012965461707292038,0.07972921986269035,0.7133576316556053,0.0033406141590646282,0.007777163012621536,0.025158598267306244,0.043074338110032286,0.03911183596721356,63,952,2021-07-09,1249,2611,AAVE
280,0.0033926321807264165,0.017237888902439016,0.013188572735168437,0.07864199236480435,0.7355376210331469,0.0025433350995382638,0.007543151394326924,0.027341549346666934,0.04283696121711254,0.0424354878998755,63,952,2021-07-10,1396,2464,AAVE
281,0.003060383181353418,0.019018926932904977,0.008873615776545964,0.06615631277487748,0.7362381626607679,0.0013381268008956528,0.007719226302348324,0.025379152474035778,0.0429301182023602,0.05329305437913921,63,952,2021-07-11,1960,3149,AAVE
282,0.004032876603872642,0.02177741229986203,0.017665675304482008,0.09265954283364206,0.7225038973922884,0.004512445616134823,0.007420687579212549,0.02704943865969096,0.05363218012866537,0.05080796929945489,63,952,2021-07-12,1218,2032,AAVE
283,0.003287344575029868,0.014550757935949529,0.0063452728531285555,0.05201236542047277,0.7330100310249348,0.0024725632238754174,0.008159316763828315,0.02725964494817429,0.039056997187827666,0.040103834818873155,63,952,2021-07-13,995,1521,AAVE
284,0.0036441203107870405,0.018130014421856605,0.011987180664883652,0.07140373556351962,0.7222140346133019,0.003944100891074645,0.008001410126833685,0.0266106890160631,0.05154979726647896,0.03824230067083225,63,952,2021-07-14,1064,2027,AAVE
285,0.0037602458863446923,0.019521278933913738,0.005871429130561109,0.05898624261382009,0.7340525110786003,0.001217792590693501,0.007642029995303597,0.028387552496407956,0.03901580104403692,0.04017793023377891,63,952,2021-07-15,1114,2431,AAVE
286,0.003683222600334965,0.017189560347635288,0.0067331818930266435,0.05243124161023977,0.7453065827578523,0.003762332088512346,0.008408844387627644,0.029126345351634008,0.04414080076879041,0.03980824620762953,63,952,2021-07-16,981,1658,AAVE
287,0.0036197030676408276,0.016972576556525922,0.008959787864616375,0.0681336884109905,0.7539038085937523,0.003094880183924308,0.00858546606407157,0.029444086046346893,0.0342491404690346,0.03479925793104627,63,952,2021-07-17,902,1624,AAVE
288,0.0035036916463574005,0.01356251571270392,0.006931042752371502,0.05115417560807594,0.7495517359610012,0.0028623393661110943,0.009328206835508515,0.02935419226113116,0.04731958481671657,0.04569922209853535,63,952,2021-07-18,810,1268,AAVE
289,0.003504745215499044,0.015333101809932677,0.012431100340277886,0.07721189420463372,0.7327536518610537,0.003605137320681972,0.00920348794411536,0.02839869561933583,0.039983150102352254,0.036589506099526055,63,952,2021-07-19,1037,2009,AAVE
290,0.0032209647427972896,0.0145816842342884,0.0135172915062986,0.08442395388988966,0.7207839769434651,0.0040057800296317975,0.007631249596586526,0.026597297279476784,0.04312872892922336,0.04188541430301665,63,952,2021-07-20,1269,2663,AAVE
291,0.0035159251803325913,0.018630666202328366,0.006802130480265705,0.055009270925668596,0.7318092920209486,0.002819548872180451,0.008367419171008927,0.026656552024084925,0.0430579705050142,0.039647243238429046,63,952,2021-07-21,1293,2772,AAVE
292,0.0034349708262752295,0.017309777700440673,0.009798369308410338,0.0663404056675267,0.7544918055329713,0.0034223134839151265,0.008015007249059356,0.026696638758526434,0.03671315885717304,0.03785875970856766,63,952,2021-07-22,1111,2257,AAVE
293,0.0033236093885560206,0.0166471460832669,0.010610383339159897,0.0699657630121165,0.7122776816608993,0.003012839330686155,0.007975263400235511,0.026451945089545275,0.04625948384915638,0.04015754519223676,63,952,2021-07-23,1207,2225,AAVE
294,0.003109992593359443,0.011341093171047121,0.009271178018112234,0.06543728051208893,0.7402017295839687,0.0026951086644876427,0.008638723413451385,0.027208593526006658,0.041724271179621755,0.03994001113905961,63,952,2021-07-24,1230,2172,AAVE
295,0.004370541342904158,0.019845120056918224,0.009563695686829238,0.0624441900052286,0.7226739615606469,0.0035608308605341245,0.009268939537607877,0.03029878819081641,0.039658121036642395,0.038913138740654385,63,952,2021-07-25,1028,2293,AAVE
296,0.003813657395119009,0.02189504275024798,0.011932222993953426,0.07664669998880179,0.7253187529894782,0.004101785036080516,0.007619004804203774,0.025899255387307585,0.051991222510737255,0.050579411521525564,63,952,2021-07-26,1183,2435,AAVE
297,0.0033908680546332897,0.01652445214524823,0.014281485861100273,0.08134615339729279,0.7267361861444865,0.004101018244273471,0.008078161733184744,0.027022885424515322,0.04047900469287197,0.03837787716372923,63,952,2021-07-27,1021,1793,AAVE
298,0.0030179318598041087,0.012878650826200736,0.010811369910096362,0.07386421850569319,0.7386745555575358,0.0031233732431025507,0.008237621530371613,0.028010688321207677,0.03322381838004752,0.03308718670802417,63,952,2021-07-28,1043,1527,AAVE
299,0.003670543034544284,0.01633638029214396,0.012358579139004568,0.0781501218034237,0.7301389695452742,0.0030889924000980632,0.009723033159880693,0.02845235106892291,0.04812965910991048,0.042475547698200285,63,952,2021-07-29,1020,1617,AAVE
300,0.0029160564548529077,0.011592658533792263,0.00640344203971945,0.05337214232848196,0.7382284290009481,0.0016117940342130147,0.008316471263013,0.027922643634745694,0.03580545502395811,0.03481338655640497,63,952,2021-07-30,987,1501,AAVE
301,0.0029491297662191836,0.011003237846482928,0.007538245195842512,0.056653164961747465,0.7500349394966456,0.0020759264119878783,0.00834236874680764,0.02824264881874779,0.029173696757190653,0.02933163092902239,63,952,2021-07-31,991,1396,AAVE
302,0.0028162914454819337,0.01118373994577405,0.009903077829420253,0.07062872375358427,0.7481979814259183,0.0026447605690242434,0.007875471467867273,0.02735506276436029,0.03653265276320869,0.03474035341569693,63,952,2021-08-01,989,1590,AAVE
303,0.002607784058903025,0.009340415194469848,0.0060528991600093136,0.05026917110472114,0.7775494115501709,0.0016136261766024204,0.01358623152943331,0.026299747656109363,0.02906798359915895,0.03225856233842903,63,952,2021-08-02,3197,3867,AAVE
