,DCmean,DCstd,clustermean,clusterstd,modularity,transitivity,eig_mean,eig_std,closenessmean,closenessstd,WCC,SCC,time,num_nodes,num_edges,token
0,0.0019717457317269885,0.01594334802450949,0.007803572793373213,0.058326191271669936,0.7884889749100923,0.0005696504918595107,0.0060773368962705335,0.021862754090045667,0.019845673503122746,0.027907732728118282,50,3024,2020-08-17,1943,3720,CRV
1,0.0021787263642659566,0.016551446406890144,0.014031155322724162,0.08744088185814383,0.7596313483421269,0.0007749319450791822,0.00764156535061687,0.02233802879712804,0.028755477205864046,0.035340480750467085,50,3024,2020-08-18,1795,3508,CRV
2,0.0018539726052102551,0.0144795790801947,0.010873760834426474,0.07061361127479289,0.7312237613581635,0.0004405847862471043,0.004649925245977958,0.019134184075775728,0.05462922337960597,0.0509813952419379,50,3024,2020-08-19,2580,6168,CRV
3,0.002233062295464771,0.019877557560022074,0.010731123037002915,0.0734352449005346,0.7700131929441103,0.0006628369421122404,0.005873234997319291,0.022034245470138183,0.02907165965839769,0.03382909127195456,50,3024,2020-08-20,1924,4131,CRV
4,0.0022095587263711424,0.01808093292561113,0.008744430284741493,0.062456659079235484,0.7802609452237583,0.0004670272026424264,0.006046262065284122,0.023049536363536544,0.0214412931737952,0.028446774119801115,50,3024,2020-08-21,1762,3428,CRV
5,0.0023674556082357613,0.020351058972884733,0.004246171282928809,0.04272255072141304,0.7793330829341272,0.00025833674194312284,0.006041330364149805,0.024323242079850985,0.01674738351954464,0.024520695914226665,50,3024,2020-08-22,1593,3002,CRV
6,0.0024767709830499215,0.021443729901840482,0.006181593150830811,0.06062530644466671,0.7691640698855073,0.00036779636341345676,0.006136544674884389,0.024973857837468808,0.01628455756550652,0.022370288928485593,50,3024,2020-08-23,1513,2833,CRV
7,0.0022981873368495037,0.0180899040072591,0.008228867539554211,0.06365306335616394,0.7692661768141171,0.0004789210865761612,0.008018341156429451,0.022577026153240073,0.02908602230098418,0.033237996725996456,50,3024,2020-08-24,1743,3489,CRV
8,0.0024791468285049892,0.020536053947608924,0.005109864367666872,0.057579709854727705,0.8016436587902013,0.0003366940386449935,0.005416549326993283,0.025183556769033312,0.012526545684300072,0.018918129948357697,50,3024,2020-08-25,1508,2817,CRV
9,0.0020228487381772358,0.01553636165334295,0.006487343194649119,0.05876824188054348,0.830079479564845,0.0005275516431682062,0.004725173758840865,0.023219442497405512,0.016700621564866527,0.02042935489439635,50,3024,2020-08-26,1782,3210,CRV
10,0.0020734601072091995,0.018304877720491827,0.009174554867992443,0.06660727865612102,0.8162651581736827,0.0007655375774988658,0.0050426256533411765,0.023443558443972622,0.01457551286202458,0.01943107161217455,50,3024,2020-08-27,1740,3137,CRV
11,0.0021194695336020607,0.017229904116102413,0.011629093693868286,0.07946709578878053,0.7873669422601385,0.0009666375780358462,0.005131628877372052,0.02200266950632195,0.024228252649961833,0.034213425525675425,50,3024,2020-08-28,1960,4069,CRV
12,0.0021795264318259246,0.016981031265196456,0.014787185246991855,0.08134202213386969,0.7889809564593794,0.0014460715057427321,0.005503255925308738,0.023686754100122026,0.019142688333681733,0.02785684057388555,50,3024,2020-08-29,1692,3118,CRV
13,0.002359782058127068,0.017126861795747586,0.00955771621609445,0.06436993495301528,0.7985122454121485,0.0010928780778592837,0.005825168835347635,0.022365985689057535,0.02981031733030945,0.03643184712519479,50,3024,2020-08-30,1873,4137,CRV
14,0.002138107748694563,0.017113773242128906,0.014295557846789085,0.08548344996961971,0.7566863731363486,0.0007676841528057028,0.005843927235989772,0.02075930897497163,0.03709906505194733,0.045077897705570524,50,3024,2020-08-31,2151,4944,CRV
15,0.001788899402644247,0.016111874353647238,0.017733503743778217,0.09249096118043275,0.7231204954683702,0.0008159087368991018,0.005802991720179434,0.018371391779147497,0.04949565044137356,0.05711791071210993,50,3024,2020-09-01,2695,6494,CRV
16,0.002263631815908019,0.018531695060297435,0.03182092216204265,0.11964546635498204,0.7315740578644503,0.0019760752106201375,0.0069205123740625025,0.021268114039986345,0.0482237367092394,0.052083998111330396,50,3024,2020-09-02,2000,4525,CRV
17,0.002509799649321435,0.025835187740953624,0.031750089612665386,0.12606950194451189,0.7010725116194173,0.0016659074207696425,0.006890055610999028,0.02017038675267839,0.05091607226727737,0.05649469961179409,50,3024,2020-09-03,2202,6082,CRV
18,0.0022160722615412235,0.022605915458387516,0.02586408973887922,0.1183125298964667,0.7328649305555561,0.0011713602420811166,0.0066011155491044774,0.02132857327275075,0.03012802537211968,0.04083358029471532,50,3024,2020-09-04,2007,4461,CRV
19,0.002305802305802215,0.023792124398756255,0.020077227786456583,0.09655532740279231,0.7202542052112815,0.0008934586681393795,0.006133501645666515,0.020701765271952454,0.02745617628770123,0.03445769099855445,50,3024,2020-09-05,2146,5307,CRV
20,0.0021907488794702607,0.019060671316035747,0.018747182373443402,0.10558723568209842,0.7969181890864109,0.0012895640135783505,0.0059015851798514315,0.022225516956754465,0.020481821166115816,0.028905739442141882,50,3024,2020-09-06,1892,3919,CRV
21,0.0025262722341867208,0.02096990247763468,0.016249531822641033,0.0932802484572317,0.7714399638172097,0.0010498475702085562,0.006389875199499085,0.022748494221564212,0.022675376168539672,0.03279637578417363,50,3024,2020-09-07,1792,4054,CRV
22,0.0025248132346419,0.019477301550143367,0.01768681507709646,0.0972749482033708,0.7600975942983993,0.0015270487904605345,0.006976157495157472,0.023190837565087146,0.031528207453324894,0.038038476072700805,50,3024,2020-09-08,1706,3672,CRV
23,0.0030400018621757523,0.02300782997010959,0.028571963344121987,0.109575285522704,0.7369259142420344,0.0028638649398287693,0.007616292278000452,0.0237699160587256,0.0358396808418871,0.0428398816225431,50,3024,2020-09-09,1606,3918,CRV
24,0.002924745340038321,0.021338888275008974,0.015343284578520147,0.0777536535656695,0.7274103316158006,0.0018874987058289463,0.007858283256902843,0.02299735557009129,0.03986355502577794,0.04411508151477791,50,3024,2020-09-10,1694,4194,CRV
25,0.0023406009970603613,0.0158949804585842,0.023799323573510594,0.1101623282421101,0.7599199978973937,0.0027676798533679547,0.0061529648463339425,0.021608273192361614,0.03183119615375504,0.039372819875823487,50,3024,2020-09-11,1982,4595,CRV
26,0.0016308301673267822,0.01314771087697578,0.014405263306425749,0.07956665930016321,0.7924392875429765,0.0011912016197196942,0.004707955692263154,0.02067523820325559,0.026903792013392568,0.04589319729937317,50,3024,2020-09-12,2225,4035,CRV
27,0.002914538241837551,0.020401136428008403,0.030847225109121326,0.1283345237639427,0.7323179284697584,0.004363874393148717,0.006796102299481714,0.023873153978895296,0.04043394471601836,0.042853165948168105,50,3024,2020-09-13,1624,3841,CRV
28,0.0038000700534652826,0.029247696175169268,0.042175792259435206,0.15082263125253603,0.7245412037586946,0.004237329128251763,0.007226924520259002,0.026270197667395866,0.036153214907615534,0.044124699427627485,50,3024,2020-09-14,1348,3450,CRV
29,0.0028929174666121405,0.02314412520716615,0.023813182842235516,0.1190812273550061,0.7950562276555251,0.0030041108885843788,0.006585636025397083,0.02485913062148722,0.021078321526876505,0.025766514736762003,50,3024,2020-09-15,1513,3309,CRV
30,0.0015710987394141679,0.01139197036499036,0.009221713163445479,0.0650269965412865,0.8437342822181676,0.0016697456302401591,0.004536834191001326,0.021398041657693406,0.01377923299390721,0.016922849693347664,50,3024,2020-09-16,2091,3433,CRV
31,0.0023309975951851312,0.012672032203054148,0.014618280359616424,0.08218328640018227,0.7775228107961242,0.003242512947534339,0.007095404081595016,0.023058580042693948,0.03493321896392006,0.03668754762935364,50,3024,2020-09-17,1719,3442,CRV
32,0.0020161076603509055,0.013727269335112983,0.019061885079491213,0.09799752283327841,0.7747477020398227,0.0024652257650331693,0.006119148180987816,0.02156501268920658,0.025128024345353137,0.036421078629180155,50,3024,2020-09-18,1991,3994,CRV
33,0.0025077848970165325,0.023169802389646846,0.018232591809023275,0.10060664989731609,0.7892805410411906,0.0020999763752657784,0.005907158647306206,0.022940207559796415,0.021311340479000993,0.030320621935111394,50,3024,2020-09-19,1783,3984,CRV
34,0.0026561911500188897,0.023871725838634915,0.01642327570181963,0.10009311257396646,0.8051648639008482,0.0016913319238900633,0.006578182641340345,0.02345578057164371,0.015591741044601579,0.02472058759145939,50,3024,2020-09-20,1686,3773,CRV
35,0.0023473937427926834,0.019393472096736294,0.018049891027580794,0.1039114244767064,0.8060521660581884,0.001913312237839429,0.005586184340480691,0.023535373214503292,0.018949648312246593,0.027494516948998553,50,3024,2020-09-21,1710,3430,CRV
36,0.0028903093777748975,0.018655426025351068,0.019191904050545022,0.11369632696247564,0.8312332625562954,0.003971070654363381,0.006513067095693403,0.025648203896947122,0.014810400742345079,0.02468550048040918,50,3024,2020-09-22,1429,2949,CRV
37,0.0028265548884105532,0.02138500978979448,0.018321183916801827,0.09806572370079786,0.7879615772559044,0.0023118505003343116,0.0062905767884728694,0.025449689000606058,0.016637443426232128,0.027337690041494767,50,3024,2020-09-23,1456,2994,CRV
38,0.0027937733808300804,0.021597245626706046,0.01637528321635436,0.10118358208106742,0.7919222062933919,0.0018798389923213356,0.006562662278350943,0.024812589954543322,0.01869440105462072,0.026395223865659317,50,3024,2020-09-24,1519,3221,CRV
39,0.0025985606129692086,0.018875144545862584,0.014506435819987593,0.09526241274600215,0.8141942091273412,0.0020572180925473847,0.006256506715346158,0.02529261108308479,0.01744215467644897,0.025726752455479927,50,3024,2020-09-25,1474,2821,CRV
40,0.002458366375892144,0.01684393981891332,0.015491461100771986,0.09453407651598211,0.8149585794164743,0.00192414947016174,0.006363654701335029,0.02543150191864297,0.013707996901324617,0.02380448686368622,50,3024,2020-09-26,1456,2604,CRV
41,0.0026170998992200364,0.01772309567270985,0.012669513113895173,0.07535867325020519,0.7908749947921304,0.0019187998778945532,0.006890336573091561,0.026571921026722508,0.01901097684673233,0.027311547710862746,50,3024,2020-09-27,1328,2306,CRV
42,0.0035269661084250067,0.01921990636313197,0.013485295151242629,0.07946833289218279,0.8058003021085162,0.003669243873673175,0.007641661087446501,0.027762276415872016,0.016386796920593208,0.02358884876754048,50,3024,2020-09-28,1207,2567,CRV
43,0.0031784245093366735,0.02021568777751642,0.012612314468534133,0.08109865842438466,0.791178323881538,0.0023929252644355817,0.007389039891215112,0.02780596090906902,0.017477534949949615,0.0269457377657163,50,3024,2020-09-29,1209,2321,CRV
44,0.002993918925918623,0.017526330798773616,0.0163214417328305,0.08943114127083064,0.8117958847736618,0.0035339543203682295,0.0075349660060529,0.028350672388573906,0.016149975649096572,0.027349573558271657,50,3024,2020-09-30,1163,2023,CRV
45,0.002953219031753752,0.023930687726685308,0.016293479873859224,0.08853169702345752,0.8125022101699466,0.002442002442002442,0.006445894480455848,0.02677954930674596,0.014219843589014382,0.023967975339328932,50,3024,2020-10-01,1319,2567,CRV
46,0.002916180636560591,0.021072534482519563,0.014615885681603567,0.08630779648380965,0.8051789310946819,0.0025639611821790913,0.00671912759607109,0.02575924202979678,0.019240115864140983,0.02540936115582601,50,3024,2020-10-02,1412,2905,CRV
47,0.0026584894884276906,0.017778556662293037,0.011804374217281682,0.07750835470491765,0.8438352777563172,0.0019129064926296838,0.006062777206746038,0.026762419585472538,0.009498952082229367,0.017901725390708414,50,3024,2020-10-03,1329,2346,CRV
48,0.002249960909975183,0.013710835097068509,0.00805412776200138,0.06740644007479782,0.8409533677323083,0.0012728854190975243,0.006157453524272841,0.025977242296278628,0.01353950177251686,0.018210555136350025,50,3024,2020-10-04,1404,2216,CRV
49,0.002423061384538579,0.016388798683031766,0.007021398956656621,0.05987702958979782,0.808849928928538,0.001148579001619791,0.006073121655344883,0.025548912488691056,0.014407948664729019,0.02275805374622951,50,3024,2020-10-05,1451,2549,CRV
50,0.0031048812924937734,0.018465316458756462,0.018923278971700184,0.10295202370613658,0.788858143102502,0.0030068787500171627,0.007163602012380144,0.02586710129232632,0.0233167622162407,0.03076997995744247,50,3024,2020-10-06,1389,2993,CRV
51,0.003770903646560237,0.02091963203194108,0.01860058484854488,0.09682144283051261,0.7939127360066545,0.003014049359109397,0.007509980298069006,0.027209704240282354,0.024166506639149318,0.03561145849494658,50,3024,2020-10-07,1256,2972,CRV
52,0.0039165317101318535,0.022847798542392054,0.022297943895307978,0.11510449378780303,0.7911544705027969,0.0038032961900313607,0.007664707946543965,0.027004222303010274,0.025475485900609846,0.0330871201311466,50,3024,2020-10-08,1270,3156,CRV
53,0.001215623354809623,0.012044467406410533,0.00774352059276865,0.06459489643222426,0.7051768742833247,0.00019805024251723746,0.003288266191074168,0.018528117155394812,0.005626155062567229,0.011411242671794731,50,3024,2020-10-09,2825,4849,CRV
54,0.003188526192337793,0.020971121422898375,0.007991648543185365,0.06861343157732765,0.7969446325613556,0.0007887575753592134,0.006420361743209399,0.027214105804499112,0.014017427039583452,0.024033416831628754,50,3024,2020-10-10,1280,2610,CRV
55,0.0034578998876363875,0.022437848314331762,0.012292817753295065,0.08205635742910089,0.7897390394298696,0.0017918275183917256,0.00723628676507191,0.028273314402571924,0.02222199665401667,0.021304539399982454,50,3024,2020-10-11,1175,2385,CRV
56,0.003262519683554497,0.020558093225590452,0.010369630050610435,0.07064064236948833,0.7860355975638795,0.0019035532994923859,0.006275561457668288,0.02795716467926697,0.01811429130609675,0.02643199442434077,50,3024,2020-10-12,1219,2422,CRV
57,0.0037366615853658535,0.0243409987796161,0.015175116309544863,0.08981382542148895,0.7879579078407972,0.0019181585677749361,0.007318987526038739,0.030379970531674096,0.015398533263997883,0.024744663508165947,50,3024,2020-10-13,1025,1961,CRV
58,0.002584376695329784,0.01624812502593746,0.010585361778134373,0.07285593266588676,0.8147294865230544,0.001795307150610961,0.0065259992065948205,0.026236889189398236,0.011188132720226986,0.02098343323516209,50,3024,2020-10-14,1369,2420,CRV
59,0.0010374318824305261,0.006156149531777736,0.005451112214837792,0.048410193068339095,0.8878434605698992,0.001299280300617795,0.002993464428504212,0.019264459069667856,0.005400067729064138,0.008198100817341921,50,3024,2020-10-15,2632,3592,CRV
60,0.0009400002698127637,0.005698341062793335,0.004613915411169123,0.04939434865567686,0.8938665290670734,0.0011292751129275112,0.002998180571850261,0.018143551519979574,0.00749036542667007,0.008709358257005622,50,3024,2020-10-16,2958,4111,CRV
61,0.0011529688949044321,0.008035344640050948,0.005617917011545297,0.05251101344575397,0.8870295610425267,0.0012161556679254944,0.0030626951946870666,0.01947479479397222,0.006154456516527666,0.008849968381866854,50,3024,2020-10-17,2574,3818,CRV
62,0.0016113739934373573,0.011745315552946143,0.007706945835404873,0.05985260195002465,0.8265092842685889,0.0010938791385094074,0.004483379630760914,0.02115178695149035,0.012996021573804112,0.018622740183020566,50,3024,2020-10-18,2140,3688,CRV
63,0.0018114672146570191,0.012635985941533603,0.008183969439199064,0.06421708909563949,0.8341572118532957,0.0014981953555943976,0.004844486146967732,0.023046672375401894,0.00931921766333125,0.016416948615358966,50,3024,2020-10-19,1804,2946,CRV
64,0.001406254631688148,0.009533146755166675,0.007758427539723756,0.061651422143678275,0.8612733355049859,0.0015785697201626406,0.0039043556853239052,0.020721758894964033,0.0105207852785154,0.015061000382283092,50,3024,2020-10-20,2250,3558,CRV
65,0.0009411330780143512,0.006800889810727316,0.003315315860850488,0.03803125677902687,0.8855233209236274,0.0008171755441646237,0.002859898260939574,0.017858790442319028,0.003270915962406991,0.00767024066548053,50,3024,2020-10-21,3058,4399,CRV
66,0.0009588389162313984,0.007251907666926567,0.004077742163939545,0.044118570466803536,0.890160748544707,0.0014215229098348326,0.002386804684680654,0.017507389595657608,0.005907520999788278,0.008555636874658074,50,3024,2020-10-22,3204,4920,CRV
67,0.000975745680394436,0.006827406137451238,0.004179588807054486,0.044162205230726455,0.8959117056245458,0.0011146378488551077,0.00290784591779997,0.018471378542935745,0.004493099102522027,0.009014579995409618,50,3024,2020-10-23,2861,3992,CRV
68,0.0009959817452613315,0.007838840106103008,0.002858751343305746,0.03643986524152696,0.8813208381898114,0.0007452341076823219,0.0028245628899352337,0.01836635393855196,0.006145636080392987,0.008688596981015371,50,3024,2020-10-24,2897,4178,CRV
69,0.0010402838287546746,0.007124865554569471,0.0038021289245934132,0.03922365586621095,0.8811102103336343,0.0010865165427469694,0.0028277532749797856,0.018882935203447,0.005101688152241519,0.00854083473383107,50,3024,2020-10-25,2744,3915,CRV
70,0.0012222488995598162,0.010244491576574375,0.007426562868206838,0.06591836493935199,0.8804093596842544,0.000781900269881706,0.003428805349374832,0.01970783228407999,0.0071921102693413615,0.010490119541874635,50,3024,2020-10-26,2500,3818,CRV
71,0.0011478948021370718,0.008764027924549297,0.007730405986829178,0.06781763461111369,0.8806872257887032,0.0015878842722623935,0.002883513662032949,0.018065286814739737,0.009290437803011515,0.013352260080482509,50,3024,2020-10-27,2989,5126,CRV
72,0.0012153847040664938,0.008741480310703877,0.007847250433492806,0.06624891126054251,0.8847395649993948,0.0025110741190079847,0.0029644955977590945,0.018005809406031276,0.008999686876528735,0.012504192043206868,50,3024,2020-10-28,3004,5482,CRV
73,0.0009800913328231202,0.006506457387807977,0.006708541777677911,0.0620658714469067,0.8918436042848151,0.001822498037309806,0.003078726922238742,0.01722236204522022,0.006004176207367075,0.008399359495035268,50,3024,2020-10-29,3268,5232,CRV
74,0.000932897821342286,0.006391004106400479,0.00740548397300862,0.06443375366317046,0.9026018984946717,0.001704515655320711,0.0028640208417941627,0.017542820729485868,0.005228119469333951,0.00827593883023208,50,3024,2020-10-30,3166,4674,CRV
75,0.0006915747923261712,0.004383954975629774,0.003629175339672334,0.043361955055756,0.9064374206494464,0.0009515502339227658,0.00240212725714223,0.015784019536621105,0.0036680032952306593,0.006285780813045508,50,3024,2020-10-31,3924,5323,CRV
76,0.0006688141007752204,0.004321101073187159,0.0035060127839665173,0.041953938035259486,0.8980737440601443,0.0010818236455739675,0.0020098682773828434,0.01592977682714543,0.0022891330860654317,0.005116901880970263,50,3024,2020-11-01,3880,5033,CRV
77,0.0007657150184559591,0.005091226578466837,0.004489516962381307,0.048249272360532856,0.9022077274093898,0.0015068786218571813,0.0025983153646758077,0.01678830239945005,0.006189835276654299,0.006743842847450274,50,3024,2020-11-02,3466,4598,CRV
78,0.0007015490280057262,0.004733233912798607,0.006662718726962994,0.05857027008855484,0.8963411007799402,0.001505870990697911,0.002280467181335902,0.015521654019011791,0.006934532101897147,0.00793643309893894,50,3024,2020-11-03,4064,5792,CRV
79,0.0007628169774482413,0.005331480984370427,0.005803673555776586,0.05821685897006526,0.8923835829635071,0.0016385715247693655,0.0022864213126243343,0.016532463622356355,0.0021724332952172843,0.0056293767009448084,50,3024,2020-11-04,3591,4917,CRV
80,0.0015083243948376646,0.013702749543776508,0.008998559709205272,0.06612749534781044,0.8548167495296966,0.0013921023968651916,0.0036702841059375567,0.020470689768252066,0.005422427911977837,0.012830343845994633,50,3024,2020-11-05,2313,4033,CRV
81,0.0008520198752646058,0.00680239251307394,0.005181158197440739,0.051365123020202644,0.8936758723258594,0.0014206846703139215,0.0024343821839801273,0.01670732796816966,0.005194747719531955,0.008984775223721994,50,3024,2020-11-06,3509,5244,CRV
82,0.0008133599182687578,0.006382074056794057,0.006933527715054412,0.06271057252711047,0.8941374356577937,0.001819487952516664,0.0022009992321404066,0.015661400103633996,0.004910341066070504,0.007508378612416888,50,3024,2020-11-07,3999,6502,CRV
83,0.0005914325194004326,0.003956104050914759,0.004563164093295069,0.050875382168579376,0.910956128109594,0.0014630083954174076,0.0018846584366946334,0.014658897808447792,0.0027389452571929492,0.005172063248711717,50,3024,2020-11-08,4579,6199,CRV
84,0.0007802464211003916,0.005583452663044638,0.00461888694688098,0.049127893714239354,0.9122522822278052,0.0016001735781508502,0.0023182086080560287,0.016613172407954162,0.0020890246422673726,0.0050123949682290446,50,3024,2020-11-09,3555,4929,CRV
85,0.0007459121887879849,0.005428943319960231,0.005531091546879704,0.05801450398493586,0.9089739780061934,0.0013405784149000822,0.0023728072400378527,0.015979006557614247,0.0055629107109294975,0.010983014829260488,50,3024,2020-11-10,3833,5478,CRV
86,0.0003042230149469618,0.006210159313552085,0.0034287856905621493,0.04521890105154344,0.6935092029920463,3.0372289085251807e-05,0.0011344620890233704,0.010942315148310943,0.016526502639453353,0.041627215717848526,50,3024,2020-11-11,8264,10387,CRV
87,0.0008718645228898475,0.005941811937816088,0.004353717320565548,0.049235144131416754,0.8944511925038481,0.0013312805651150153,0.0024828223779441443,0.017427536406604476,0.005800852493908914,0.009971284619999571,50,3024,2020-11-12,3228,4541,CRV
88,0.0009253089311279454,0.006774115108284647,0.00518465135676952,0.05477526327274594,0.888353171632196,0.001311985768289971,0.002574265559393894,0.017208318385791767,0.005710710338381136,0.01080788891837798,50,3024,2020-11-13,3304,5049,CRV
89,0.0008597226168389147,0.00637857195927958,0.00976966602738199,0.0789953234357011,0.8869084215665985,0.002779289149008132,0.002682186271787365,0.01585356608917017,0.007162760616267995,0.01270026522781244,50,3024,2020-11-14,3869,6433,CRV
90,0.0008679160809300127,0.007362594662326003,0.006787699182005639,0.06331572852496617,0.881512055157344,0.0018894547832880146,0.002621938968733053,0.015940011796888975,0.008371274803423165,0.014361032612796651,50,3024,2020-11-15,3833,6374,CRV
91,0.0006848308497192852,0.006666660813026799,0.005384970857170942,0.057702399245153,0.851174257473333,0.00026115255326842463,0.0021047401978930235,0.015428934529136068,0.007925935891679173,0.022591196404907515,50,3024,2020-11-16,4125,5825,CRV
92,0.000621460510377226,0.005185791398130552,0.00375256746987354,0.04737403072351784,0.905358121787779,0.0008094658852150835,0.0020132543753334,0.015078918363203233,0.005035887448622101,0.01137179456831948,50,3024,2020-11-17,4322,5803,CRV
93,0.0007270482297198963,0.005769485131654816,0.005033980015109265,0.054211067405452715,0.9031983854823387,0.0011573934534932788,0.002589226252805088,0.01587744766141061,0.004050721016228737,0.006601225517740325,50,3024,2020-11-18,3865,5429,CRV
94,0.0006713746745845117,0.005085839000261151,0.005181672350420018,0.051327135359633645,0.8941944391844627,0.001516506590970953,0.0021614050850839953,0.015224642658312533,0.003745835511116295,0.007417455958289288,50,3024,2020-11-19,4230,6005,CRV
95,0.0005486540239752344,0.0039686208608935335,0.0054994144508314175,0.05929521190366071,0.9047975948509427,0.0009443273668204978,0.0020464121756863327,0.014321449360081513,0.0027107008395048267,0.005279866457940904,50,3024,2020-11-20,4779,6264,CRV
96,0.000477364769063594,0.0034191453342330507,0.003159321188509187,0.04338709603496236,0.9117887052417788,0.0006247776399024653,0.0017886732385902677,0.013636100039903473,0.0036390706378969613,0.0058711336245068375,50,3024,2020-11-21,5288,6673,CRV
97,0.0004899007973112931,0.0035157055189764664,0.002891005469842196,0.037549715917188406,0.9139432320256503,0.0005831009216610692,0.0017790291711302555,0.013759623087131684,0.0049394530377380825,0.006374731156197424,50,3024,2020-11-22,5196,6612,CRV
98,0.0005611387785123026,0.004198498937415878,0.00430304271849718,0.048167499124812524,0.9222919233859724,0.0007903788451686873,0.002095481610024655,0.01488955515065418,0.0038479189936490377,0.005871670299574071,50,3024,2020-11-23,4424,5490,CRV
99,0.000554824990772835,0.004202175901719248,0.004978377285911899,0.05188627167178114,0.9015191906916393,0.0007037297677691766,0.0021514149672011,0.014635189836934227,0.005950987217473466,0.00850646735418901,50,3024,2020-11-24,4571,5795,CRV
100,0.00047058978880118734,0.0033751159978594905,0.004272870996489557,0.045806970432890524,0.918810637655485,0.001357776294032506,0.0018584284427879477,0.013420104598108664,0.0017650638891867976,0.004428943953649252,50,3024,2020-11-25,5449,6985,CRV
101,0.0009629451892731544,0.01107678413323635,0.005434385028988556,0.052339452034113554,0.8620020454786553,0.00044376027919290785,0.0028738534596670804,0.016745810963226103,0.0035823403028859774,0.007240899020803557,50,3024,2020-11-26,3465,5779,CRV
102,0.000877521500375909,0.007563231190326153,0.005423446094210744,0.0506343988153679,0.8831799883062275,0.0007248355988822825,0.0027583837427439637,0.017565433730226433,0.002775598147965804,0.007472536612342374,50,3024,2020-11-27,3164,4391,CRV
103,0.0006502459718081905,0.004716527355009641,0.002718269384920131,0.03504077230970768,0.9061490937340333,0.0007797097958174592,0.002134125074781136,0.01589484145354873,0.0018575407581501234,0.005562521942848611,50,3024,2020-11-28,3889,4916,CRV
104,0.0006140651330706694,0.004487163610814254,0.004715319321941948,0.04837238629558832,0.896577846996493,0.0008982394506766737,0.0022464516198808537,0.015329404747084477,0.0029444029589008967,0.005837924265944925,50,3024,2020-11-29,4167,5330,CRV
105,0.0006945648366044563,0.005881755387240958,0.0037193636337123203,0.04626422728018379,0.909204831185929,0.00048785941517852605,0.002361668212272584,0.01604279773134306,0.0031636189092077785,0.005580280027529774,50,3024,2020-11-30,3804,5024,CRV
106,0.0006559298145205619,0.004686641095048316,0.005534775671809223,0.058569446769787495,0.8997296057628139,0.0007773502622946011,0.002428580146714616,0.015581876854520702,0.005250797638968028,0.007048046607383526,50,3024,2020-12-01,4022,5304,CRV
107,0.0012583031434575233,0.010700129291904089,0.006114863911745669,0.0590029876836009,0.876063894972878,0.0011188236368618138,0.0029864474102607656,0.01851537505074778,0.005322153331816993,0.010043103287196325,50,3024,2020-12-02,2844,5087,CRV
108,0.001041055451696403,0.007064343416563745,0.0073586504228320875,0.061663702935578484,0.8743982007417518,0.0023359334086712055,0.003027020639983467,0.01728340528855409,0.0070343259201945205,0.013449137900429137,50,3024,2020-12-03,3249,5493,CRV
109,0.0011156905808253313,0.007686478270927961,0.007649777561143796,0.05739639575916218,0.8705997218012372,0.0021109216423350723,0.0029454402885077855,0.017191582887465386,0.008127225095240873,0.015480242438269893,50,3024,2020-12-04,3288,6029,CRV
110,0.001222055210118148,0.008859253626358156,0.011636704178956236,0.0843845891542545,0.8570874031321687,0.002131220328563134,0.003529259184487536,0.018860759690224216,0.007290400366144229,0.014776663296836958,50,3024,2020-12-05,2717,4509,CRV
111,0.0011286707853452526,0.007720236899743464,0.00699910524418752,0.05842545786628824,0.8796114303839466,0.0018852115626309175,0.003629596387725846,0.019166077348827176,0.006194381575365898,0.013909760067513368,50,3024,2020-12-06,2629,3899,CRV
112,0.0013104235856584213,0.00900304999968949,0.009275891921884466,0.07824391019591773,0.868690651688602,0.0024657448734355003,0.0036777353086083335,0.01978198894419055,0.005792306133324557,0.013221408881628737,50,3024,2020-12-07,2471,3999,CRV
113,0.0010519224603457499,0.007379116370677424,0.009629578266383628,0.06684450527931435,0.8445084631578825,0.0031382672849399875,0.003016532108783522,0.01610448592988677,0.014494295141835936,0.022897532136853478,50,3024,2020-12-08,3726,7300,CRV
114,0.0012114862341590456,0.009073677289414803,0.007582605194530883,0.060852296145104734,0.8511653513170254,0.0022376487676574698,0.0030970326984724023,0.017852300933079258,0.00913086070538903,0.016677863068750475,50,3024,2020-12-09,3047,5622,CRV
115,0.0011740338684670807,0.008091054236084921,0.00841208309984747,0.06822544629975985,0.8735760490317958,0.0021901857499306903,0.0033439621452017454,0.018354352247224176,0.0067314320302754955,0.01235219797422504,50,3024,2020-12-10,2874,4847,CRV
116,0.0008777732179413902,0.005914951579370962,0.00439848074251459,0.050319598536535164,0.9023163025687515,0.0008538531200137997,0.002679490249206614,0.016855523046800287,0.004263363316678888,0.008306905417356182,50,3024,2020-12-11,3434,5174,CRV
117,0.00038446031778248765,0.002498236787742729,0.0028379257820740186,0.037747635458177074,0.9240178922574491,0.0015271694092577246,0.001654122581523077,0.012061405142027486,0.0036012397488722064,0.0053392609099718,50,3024,2020-12-12,6748,8752,CRV
118,0.0002977317425375627,0.0020130892547001837,0.002691856248344037,0.036228801768581,0.9256607155963447,0.0006641442601835454,0.001540440283028432,0.010941296518784125,0.0026770630693489423,0.004293968850107317,50,3024,2020-12-13,8192,9989,CRV
119,0.0003858440860076872,0.002137551825359356,0.002024541030139358,0.032049597844276904,0.9270915868251044,0.0008920155122130209,0.0014228232920273799,0.012521223299642104,0.0013923213302880263,0.003351487650243748,50,3024,2020-12-14,6298,7651,CRV
120,0.0005172981715162062,0.0029718621111333647,0.0028103364172133312,0.03896494949126001,0.9315821088374189,0.0013651414518908661,0.0020461862211474287,0.014286433755830564,0.003232808089802392,0.005593844921031025,50,3024,2020-12-15,4802,5963,CRV
121,0.0005447688296063313,0.003716562790283548,0.004078865104115457,0.04613336399652825,0.9143310972125601,0.001065040948988211,0.0018819669358881193,0.014245738088417332,0.004728504240421017,0.010325520014812909,50,3024,2020-12-16,4844,6390,CRV
122,0.0005758632655328101,0.004247082739666219,0.0043067517484839815,0.04850539276153061,0.914153635838208,0.0013815821553765217,0.002345386131101954,0.014226673123793472,0.0046766057099839765,0.008878532301102634,50,3024,2020-12-17,4811,6663,CRV
123,0.0007915842279210748,0.005871619487525191,0.0063952892069153895,0.05685611993683708,0.8898381685376732,0.0016391375614676585,0.003249140473479617,0.01604347523850868,0.0071362282967020775,0.011899811029273897,50,3024,2020-12-18,3733,5514,CRV
124,0.0008691857686876763,0.0075370898285023235,0.004138317893548255,0.0497842242335617,0.893678644700581,0.0006029999246250094,0.003317056839042359,0.016934880118839476,0.004067002098106191,0.009810222417742768,50,3024,2020-12-19,3359,4902,CRV
125,0.0009699130261976519,0.00928983211508701,0.0038414698781185953,0.041995000836011535,0.8855792991090548,0.000813562012606904,0.0028921590792847247,0.017609772558424535,0.006081659569631953,0.011394124020221646,50,3024,2020-12-20,3141,4783,CRV
126,0.001223782793928292,0.010296714352959082,0.0034811755187923775,0.036871249824828145,0.8645067110969422,0.0007227015899434979,0.003533954682858196,0.02002248650738253,0.004228484402789048,0.009953288214844164,50,3024,2020-12-21,2420,3582,CRV
127,0.0012706480304955252,0.00964733590789422,0.0053014355973758955,0.05089700504168131,0.8712994287625321,0.001028737747147971,0.0038350899330130282,0.020219673567507528,0.005893424181284272,0.011707377222866062,50,3024,2020-12-22,2362,3543,CRV
128,0.0014470607467004669,0.009651495301761615,0.006143749007633848,0.053510019344206766,0.8672767140365293,0.0015355863201876035,0.004434978993776153,0.0216142615555382,0.007101359412428559,0.01243183375650458,50,3024,2020-12-23,2055,3054,CRV
129,0.0014659905741083187,0.01103940552475783,0.005946972703140818,0.05418574747723206,0.8586605765422205,0.001116544769983122,0.004230424790455245,0.02114226176409326,0.006547634108354152,0.013224211375784287,50,3024,2020-12-24,2152,3393,CRV
130,0.0014399621741280203,0.010958532005628024,0.00347047956907462,0.04472746918542353,0.8623924636541445,0.0008238321416584453,0.004300456074773408,0.02181312240205125,0.003623561814944113,0.007816442803834974,50,3024,2020-12-25,2024,2948,CRV
131,0.001343304899430627,0.008305972890979377,0.0076878845535599824,0.06898715346233218,0.8672461145719994,0.0022785963846270697,0.004773271930288305,0.02074389819363927,0.009433481738352416,0.015378854800495384,50,3024,2020-12-26,2208,3273,CRV
132,0.0012353346387290048,0.00390718157658562,0.010858779697840626,0.07979170526454803,0.9056996145986945,0.01056338028169014,0.0042861853688260475,0.021380623323415962,0.00805428597485395,0.013088410581485813,50,3024,2020-12-27,2104,2733,CRV
133,0.0012680302600334803,0.004100288195022942,0.0060511783300366065,0.05170600070491331,0.9087945124074587,0.006310728238004608,0.004307493207188855,0.021772625003930464,0.00843944472722413,0.010775735615636729,50,3024,2020-12-28,2031,2614,CRV
134,0.0013062997094499924,0.0046394916489997575,0.005673769971804657,0.05450738127767748,0.8967896803043192,0.003782420749279539,0.004436734685935289,0.021349875868139676,0.00980148815812621,0.014332431263960341,50,3024,2020-12-29,2104,2890,CRV
135,0.0004725473176201222,0.006588808387585513,0.0060883203985613215,0.05732568421024282,0.7315089815516486,0.0001076441120050786,0.0019719912279785924,0.013128331003108978,0.030369529087559737,0.05654876264527435,50,3024,2020-12-30,5675,7608,CRV
136,0.0008622779560897827,0.004536212187301178,0.009459383197751543,0.07397519569804618,0.7970882609651514,0.0013172338090010978,0.0036715268678101883,0.01649445830720108,0.038779723609547165,0.041086380572767214,50,3024,2020-12-31,3503,5289,CRV
137,0.0008116866794616908,0.004440534162299819,0.011402976489324354,0.08819580675087135,0.8006724922300791,0.0013809085425859496,0.0034917472301496744,0.01599465822431399,0.03338536536431959,0.036581753575795864,50,3024,2021-01-01,3732,5651,CRV
138,0.000953912470766374,0.0036694757024614954,0.008965880692241194,0.06861507501229375,0.8600172409650417,0.004112070231548717,0.003976490213776535,0.018311350822713627,0.02135528369318432,0.024372050913609847,50,3024,2021-01-02,2849,3870,CRV
139,0.001029197246897296,0.0035871033287986575,0.007481166100277704,0.06267379589165789,0.8711628930179056,0.004189108318372232,0.003973664891058193,0.019216232499824838,0.016713231213623496,0.0206654436975663,50,3024,2021-01-03,2598,3472,CRV
140,0.0014318704287690927,0.005504906009117309,0.01134873463314963,0.08761984500880514,0.8535257002154493,0.0038360446117780777,0.004544042563223239,0.02159707572679493,0.01578376998522361,0.020848317848567745,50,3024,2021-01-04,2054,3019,CRV
141,0.001227627164077363,0.004444578634316002,0.012199990795980406,0.08872215406811942,0.8930370007263204,0.007915883740454963,0.0043128777019581736,0.02069826175009714,0.01187315105370197,0.01573293683278235,50,3024,2021-01-05,2238,3073,CRV
142,0.0010590888913481473,0.0039179522353345675,0.009665793332084636,0.07780514461051621,0.9000145280152356,0.008232907767569502,0.003677797408642663,0.019513847368211736,0.007832980363626611,0.01361845307889839,50,3024,2021-01-06,2537,3407,CRV
143,0.0012618526092113495,0.004768555169441815,0.009387045042343242,0.07232394587791051,0.8849373508472104,0.009237501012883884,0.0036785838074125036,0.020324453462587846,0.011229080493243166,0.019105478065913555,50,3024,2021-01-07,2345,3468,CRV
144,0.001122992977147624,0.003533812074988958,0.004212066683748844,0.04897429919664756,0.8916186204336173,0.003730145997112145,0.004126018069934673,0.020306094974759662,0.009822935627738652,0.015380354588077945,50,3024,2021-01-08,2330,3047,CRV
145,0.0011672688684069908,0.004057380402800586,0.00604488731458849,0.05709218338049971,0.8937280699858647,0.005786618444846293,0.0036527700883257457,0.02056116123861191,0.006916547869183577,0.012608456066546606,50,3024,2021-01-09,2294,3070,CRV
146,0.0010264961146362603,0.004561766760927858,0.00838004021686465,0.0684494194818721,0.8855198073652147,0.006663182649594983,0.003216033885091851,0.018134680680744284,0.010894901593911798,0.017837925744048775,50,3024,2021-01-10,2949,4462,CRV
147,0.0020419735859308805,0.006541117067746545,0.012437878303441069,0.08643049705168189,0.8631578735197794,0.008922248973233253,0.005228414274571964,0.02570751089011365,0.01269924837565553,0.020500818942962882,50,3024,2021-01-11,1454,2157,CRV
148,0.001216662919757811,0.0049439469466111795,0.006015637117864498,0.06359850628497644,0.8805393770759239,0.003835562549173879,0.0034450921677952003,0.01990702792760628,0.011637540950901476,0.017233419100053146,50,3024,2021-01-12,2451,3653,CRV
149,0.0012490626893880948,0.005997597454465392,0.011421745416914259,0.08211621752849863,0.8682591915343143,0.007040766035344645,0.0032866637381016345,0.01929599609159095,0.013859695016445666,0.021231852395787548,50,3024,2021-01-13,2611,4256,CRV
150,0.001209937442245381,0.004935930924869726,0.008206166679386897,0.07459583114173851,0.8707950610048504,0.005677626303127506,0.0033988734901633567,0.019656393921922356,0.014227251520377085,0.020588574528206498,50,3024,2021-01-14,2514,3822,CRV
151,0.0013733941852603507,0.005402512053820538,0.008484342266588955,0.06599086071053825,0.876964850744527,0.005739025372533226,0.004156177776123828,0.021035407275649974,0.010437385192386558,0.01685056852383196,50,3024,2021-01-15,2176,3250,CRV
152,0.0011274011122755306,0.004410569190002735,0.0057947425301099805,0.05519159879520401,0.8787986177850586,0.00396901959703426,0.004225226007184732,0.01953614363283772,0.014234182699164483,0.017514450717369196,50,3024,2021-01-16,2504,3533,CRV
153,0.0011148516116083705,0.004625074622170886,0.00847722426620183,0.07014068137419686,0.8738519141032471,0.00545950864422202,0.0037738246520025117,0.019384743836696028,0.01338179142011939,0.01970845047145478,50,3024,2021-01-17,2565,3666,CRV
154,0.0012291111583722723,0.0047949419374835765,0.01040419976936289,0.07523321377019208,0.8837374818441341,0.0062229102167182665,0.004017711774874374,0.02021980482541334,0.010114812567080588,0.01685059614609713,50,3024,2021-01-18,2354,3404,CRV
155,0.0011805646240016347,0.004586152394503435,0.006120105377888582,0.05234094694002724,0.8767694719480552,0.005050350463713997,0.004053941921437556,0.020092951920896225,0.008904851832298064,0.01543757503808131,50,3024,2021-01-19,2381,3345,CRV
156,0.0013490091401442876,0.0049335417177468225,0.0085741779381798,0.07427592404786651,0.8890952793026611,0.0045750886423424455,0.004431595915993498,0.021871423030183502,0.008720319489953306,0.01383103771142739,50,3024,2021-01-20,2009,2721,CRV
157,0.0016120406132232768,0.00490059351783389,0.010487906267046026,0.08638543226743008,0.864215428990787,0.0063968849951328045,0.005434193239536576,0.023614640883586398,0.011548420761183046,0.018038947813684512,50,3024,2021-01-21,1704,2339,CRV
158,0.0015581137809369844,0.006086681060821736,0.008673080784688397,0.06905943580312902,0.8636179794700045,0.002182445692630439,0.0046737720785735085,0.022787487251956718,0.014053735210171088,0.022198448479035852,50,3024,2021-01-22,1849,2662,CRV
159,0.0012945511650737933,0.004790457142172363,0.006148035239568114,0.05858520590676584,0.8736941010737499,0.003599712023038157,0.0039885084275050895,0.02135949019063574,0.0131168432519824,0.01824414650880625,50,3024,2021-01-23,2119,2905,CRV
160,0.001389189262911385,0.006169318441298938,0.013491397039368832,0.09796897219575033,0.8578292094348127,0.0067424242424242425,0.00447058951331678,0.020530613951848322,0.013151364406506858,0.020550668726792388,50,3024,2021-01-24,2266,3565,CRV
161,0.0016939179595579455,0.008014921858975831,0.0072519261444375215,0.05701006961288146,0.8481086091022008,0.006371803335151115,0.005132862821888609,0.021327751742302094,0.020332432059086008,0.02536286114232989,50,3024,2021-01-25,2079,3659,CRV
162,0.0013664338131356836,0.0059851181538633684,0.006545970191932033,0.05531322832289455,0.8453423947583506,0.0020838069258164735,0.004641364196179565,0.020670778979784404,0.014609049570563559,0.0248717781994288,50,3024,2021-01-26,2229,3393,CRV
163,0.0018237271132504741,0.0077706192280439235,0.009683734048814743,0.07429792307079772,0.8579408459197951,0.005774338838203026,0.0049567736098782185,0.023468920975715915,0.010148094803999648,0.019122714591549732,50,3024,2021-01-27,1739,2756,CRV
164,0.0012586308801875643,0.005421631736045533,0.006173253640982373,0.057421061833256494,0.8676353576740738,0.005531374682626043,0.0041451425621251425,0.019904890217410116,0.011562720877562807,0.018568636563268525,50,3024,2021-01-28,2420,3684,CRV
165,0.001031958029863364,0.00521114976731698,0.012179192939695271,0.09121837981936567,0.8881185082187985,0.006149903907751442,0.003224660974077675,0.01778751104119724,0.011476861247894318,0.01764258015947502,50,3024,2021-01-29,3061,4833,CRV
166,0.0007349536938171183,0.00409332995123044,0.0058423183534275875,0.060408151096954125,0.8757235273194908,0.00366899250753109,0.0026516313643104856,0.015219417121433985,0.015685468604601575,0.02031055593994311,50,3024,2021-01-30,4191,6453,CRV
167,0.0008123953294268862,0.003675501283541729,0.007382365704535875,0.06619963602454998,0.8780494874006566,0.005315627555590171,0.0025230049284320497,0.0165097758439459,0.01638523703995167,0.020573558977440697,50,3024,2021-01-31,3586,5222,CRV
168,0.00087734102775141,0.004148211179735735,0.00919446091257978,0.07168379446243663,0.865687476730269,0.005060617697076088,0.002669595606510395,0.016356072982755248,0.016637599098527217,0.0214159674762814,50,3024,2021-02-01,3642,5817,CRV
169,0.0010911581052953975,0.004217281348674011,0.007711663898157203,0.06665542857300695,0.882080744231485,0.005818786367414797,0.0033294954387831873,0.019403789903702822,0.013326837220228217,0.019836216614776025,50,3024,2021-02-02,2581,3633,CRV
170,0.0011301664298578376,0.0036387186772880824,0.0023468756991294366,0.029893312829046805,0.8862435225367803,0.003013285851253253,0.004360932422661609,0.020161996196975868,0.010543321207485638,0.014819423447218623,50,3024,2021-02-03,2351,3122,CRV
171,0.0010968366763515372,0.005837508071841239,0.009358573489284174,0.0743899749682777,0.8475430550967681,0.00436046511627907,0.0034449367138641445,0.017246419293279358,0.018820952327372718,0.023477162014322688,50,3024,2021-02-04,3234,5734,CRV
172,0.0009595828952650874,0.004283019190216748,0.004992612300354859,0.046586509237035285,0.869715021676473,0.004054527555770611,0.003816996804109087,0.017499918963734724,0.01324603654219384,0.018017990934770117,50,3024,2021-02-05,3118,4663,CRV
173,0.0008453936242691235,0.0038766258963154093,0.007246115793227184,0.07192462578779275,0.8647896275984345,0.0030021873078957526,0.0034492003417241936,0.01651044074842757,0.014857538133877975,0.020200549566052182,50,3024,2021-02-06,3516,5224,CRV
174,0.0008687149592550221,0.003512371882150935,0.004689576648983647,0.0485164685736585,0.8784755766211844,0.0031849203769905754,0.0033624150177152643,0.017628151227636727,0.010943630963168454,0.015947170318513657,50,3024,2021-02-07,3106,4189,CRV
175,0.0011015338401828805,0.004684336789637023,0.006716567112641191,0.0652100873136862,0.8768161635544255,0.004881142794109537,0.0035851900837052886,0.018955313006908697,0.011324272838840205,0.01733795897706473,50,3024,2021-02-08,2688,3978,CRV
176,0.0007546294853330781,0.002862089255618837,0.006543983026341601,0.056388407456027696,0.8630709364916666,0.0018207844259948468,0.003566643064335248,0.016567035742502637,0.01423431947045512,0.020657986093628913,50,3024,2021-02-09,3483,4576,CRV
177,0.0008668560335571044,0.003570276879794855,0.003519670606265946,0.04065746270877611,0.86722147424924,0.0011607132696837626,0.0028547611900994235,0.017808894715291113,0.01904552008919478,0.026228634259503402,50,3024,2021-02-10,3075,4097,CRV
178,0.0008756745748904944,0.0034072561933879896,0.002884201309630494,0.039079819207183786,0.8797478305137668,0.0017477743186411054,0.003154673077513852,0.018016791106481782,0.009953883462686965,0.016679102680406243,50,3024,2021-02-11,2990,3913,CRV
179,0.0008345494156604187,0.00503051035651816,0.005507989729733653,0.05775496185278716,0.8538405647440623,0.0006946734683853403,0.002757963473630613,0.016908718454299438,0.012986828456622499,0.026103564277191047,50,3024,2021-02-12,3408,4845,CRV
180,0.0009012719551419607,0.0026956530217070096,0.003130385738668444,0.04328041617204393,0.8884281176412843,0.002353827323227568,0.002979456034274667,0.01870981561271024,0.006164518944431072,0.012890523231163253,50,3024,2021-02-13,2787,3499,CRV
181,0.0010912293623377362,0.0036819616680038043,0.005202622076857245,0.05492937666714478,0.8608537505593428,0.0035502958579881655,0.0037173529109099427,0.019582496476711158,0.015550492138557335,0.02004151695435728,50,3024,2021-02-14,2518,3458,CRV
182,0.001699657403882823,0.0069529653171722765,0.006481129397739403,0.05932627172894841,0.8481151649119422,0.0032918385107268532,0.004668972814421149,0.02327162850443775,0.012058946876433076,0.020210966668741812,50,3024,2021-02-15,1776,2679,CRV
183,0.0009215081272340075,0.0029532637861406467,0.003658623070949067,0.03924093031257492,0.8825638784921559,0.004840010755579457,0.0028879016698085333,0.01887382656205663,0.006497471055642399,0.013347428658431528,50,3024,2021-02-16,2744,3468,CRV
184,0.0014094088523900275,0.004767465310414502,0.008468560799647782,0.06782470673789627,0.8587616295058682,0.004514119746649403,0.004084103222847487,0.021910791937979002,0.013985562518556415,0.020469389346439118,50,3024,2021-02-17,2014,2857,CRV
185,0.001263766206301962,0.003564187536614584,0.005948757571637498,0.06268372546162701,0.8840570737239899,0.003960105602816075,0.00429998874839172,0.0220405809190962,0.008973334865885496,0.01502843228589934,50,3024,2021-02-18,1984,2486,CRV
186,0.0012824886423869802,0.0037292493837767938,0.0068097260549687755,0.06723509536340129,0.8696839530193178,0.004112239961296565,0.003862037408123406,0.02154076894552978,0.007694237231200183,0.015336888227711896,50,3024,2021-02-19,2089,2797,CRV
187,0.0014513485156726525,0.0050208935843026785,0.0069852777715511205,0.058105377660637746,0.8418506162771487,0.006708680626143525,0.0041227047792772665,0.021556685424043938,0.01801853881471934,0.024266787018621495,50,3024,2021-02-20,2077,3129,CRV
188,0.001229306479868074,0.003924306017787698,0.0034167901751696148,0.04640358796551571,0.8766492137029436,0.003353985186565426,0.0041933770944452995,0.02157542308040887,0.008663934419080739,0.015674190089440952,50,3024,2021-02-21,2071,2635,CRV
189,0.0017284407000416327,0.006126670443190395,0.006544431116453823,0.05522292989271612,0.8478005438523265,0.007557354925775978,0.0042213903797330464,0.02361937431503028,0.01864413668898357,0.027263018821939322,50,3024,2021-02-22,1738,2609,CRV
190,0.0012069892012473472,0.008318735356036196,0.005997221902782428,0.05931445930817325,0.8008106993246825,0.00042352574033413954,0.0031868282229696866,0.0214164100213062,0.016636432515730246,0.03724140770851912,50,3024,2021-02-23,2134,2747,CRV
191,0.001637814252674297,0.005554033847590436,0.003932789645621016,0.046564805892943435,0.8571937990091719,0.0032978629847858587,0.004053523501321859,0.023726223957407647,0.009570892095052411,0.019023415392126684,50,3024,2021-02-24,1727,2441,CRV
192,0.001655784577305537,0.005259112350894538,0.0035610264790278353,0.039697389325127806,0.8717783465066902,0.006293306210666836,0.004605414442975348,0.024532221718691443,0.009269353076308723,0.018009677566494128,50,3024,2021-02-25,1606,2134,CRV
193,0.0016644130920595993,0.005594341919467776,0.0045785531707225454,0.04460796626102504,0.865238148509321,0.005312756941369933,0.004195837129667302,0.024503694448057715,0.008827495791094998,0.01789514923108535,50,3024,2021-02-26,1619,2180,CRV
194,0.0010713983555996256,0.003919276772050026,0.003576743249843002,0.03832084812381826,0.8955857835158247,0.005002292717495519,0.0031673792414675644,0.020701685917843545,0.004357501158476042,0.009999326878957101,50,3024,2021-02-27,2281,2786,CRV
195,0.0014599628046733787,0.0063208490204704135,0.006009547710119006,0.06037592944557034,0.8605824929390167,0.005262299094395039,0.004147810584888962,0.022459632715418173,0.009575179795598628,0.016817289377467813,50,3024,2021-02-28,1918,2684,CRV
196,0.0011631266368181427,0.0053042360730132885,0.005710287949111918,0.054644621849413544,0.8613466878496558,0.00595255212077642,0.003330455650608245,0.019600015254876313,0.010956714365160821,0.017853037734896115,50,3024,2021-03-01,2531,3724,CRV
197,0.0010966346539993564,0.004577670944544224,0.005245867326879531,0.04957566279115914,0.8650028672340254,0.004884453781512605,0.0031483852822277,0.019206035359545334,0.010335273691243886,0.01892988374151791,50,3024,2021-03-02,2641,3823,CRV
198,0.001284101708272458,0.0042256551359197226,0.002954197328952931,0.03331537725781856,0.8778024812389902,0.003481563538534578,0.004060103435499507,0.022161259114838905,0.008121601505099468,0.015129599750984367,50,3024,2021-03-03,1971,2493,CRV
199,0.0012640114738417473,0.004030803700294212,0.003416928119732351,0.03591329235253456,0.8959385455689267,0.00514817503795129,0.0037599991342259554,0.022582382769439784,0.005796539434922059,0.011862387784033682,50,3024,2021-03-04,1909,2302,CRV
200,0.0016306929680428106,0.0038316260279325927,0.0030503472166621606,0.04093403535476656,0.880882979406292,0.004751131221719457,0.004667499823570927,0.025879766450680658,0.008013085113285337,0.012920372829653866,50,3024,2021-03-05,1447,1706,CRV
201,0.0012124218495130747,0.004648187752510526,0.0048719804000237074,0.04929363224111353,0.8887267500877373,0.005159705159705159,0.0037226746767369543,0.021423080535510907,0.005909701616568228,0.013300666673239172,50,3024,2021-03-06,2116,2713,CRV
202,0.0015911748258858667,0.004913971931581343,0.003872577149878356,0.041811756569337034,0.8698727374048304,0.006434925241309696,0.0049288312595043285,0.02405129380513037,0.009918813777704687,0.01665752859343746,50,3024,2021-03-07,1660,2191,CRV
203,0.0020053263048073517,0.005388954245403338,0.0013997904616073575,0.017544686126896393,0.8559466471969497,0.006104509197460524,0.005696683059355273,0.026623553293384127,0.012959997616548962,0.019729061145424474,50,3024,2021-03-08,1350,1826,CRV
204,0.0015782003973886113,0.004382796696066915,0.003831619359406517,0.04240984822523646,0.8792974108367643,0.0038975501113585748,0.004742871045959596,0.02434904406042083,0.011549710627159843,0.01676481112142637,50,3024,2021-03-09,1626,2085,CRV
205,0.0016393442622950546,0.004514298650781167,0.005378637106740763,0.05071603777688359,0.8679802836972189,0.005208333333333333,0.005545131424928115,0.025007985131018852,0.011428584291698275,0.01761444036233128,50,3024,2021-03-10,1525,1905,CRV
206,0.001778614036353781,0.004799580291239195,0.005788767072792234,0.05513118139534281,0.8514538954932339,0.008709677419354838,0.0050051376596314786,0.02526859672170538,0.009499002047783811,0.015337504790582707,50,3024,2021-03-11,1508,2021,CRV
207,0.0024395811825154512,0.006052420260071018,0.004183914235179388,0.03910876352060141,0.8488071774467727,0.005579258286839514,0.005790775526191681,0.029829465128108714,0.011831648462983268,0.01636761675662984,50,3024,2021-03-12,1084,1432,CRV
208,0.002019073856902569,0.004511660479899697,0.005639485891469019,0.05305415818022912,0.8638191844785262,0.008320813590662198,0.005163444372643487,0.027592388393320157,0.011223416089481084,0.01729919841202294,50,3024,2021-03-13,1270,1627,CRV
209,0.002117566489152104,0.004964858604554153,0.006132644993151954,0.06156841288771608,0.8621668167660129,0.007859403995197032,0.0057796257167189455,0.028518549977378415,0.008165679027529143,0.015621592017983299,50,3024,2021-03-14,1182,1478,CRV
210,0.0025156280690752323,0.006278553466357836,0.0020343590180144644,0.027705791134468683,0.8413099354675659,0.004248366013071895,0.00579908263317873,0.03026559631387243,0.008611034957187989,0.014806853977887823,50,3024,2021-03-15,1054,1396,CRV
211,0.0022257605243426984,0.0056451528872786625,0.00045255095527759555,0.0073114354182752615,0.8778764200048119,0.0030563731039166854,0.00620420757886902,0.029660514282451367,0.005344895698151138,0.011189236796627143,50,3024,2021-03-16,1090,1321,CRV
212,0.002399634787290958,0.005717436164069946,0.007840476259660072,0.06748303777669482,0.8717221237764377,0.006778703572941675,0.00636496358601197,0.030782941683112106,0.009730810327153852,0.017593664562273955,50,3024,2021-03-17,1013,1230,CRV
213,0.002428332593098119,0.0053039086226858555,0.006784494658099501,0.05581974703341335,0.8595090004275417,0.014561027837259101,0.006267980789704921,0.030186841726385274,0.013894671014949954,0.01953749075527608,50,3024,2021-03-18,1053,1345,CRV
214,0.00212101954657138,0.005062758955331747,0.002983941796616299,0.03374199031651578,0.8667595964587369,0.0035971223021582736,0.005510677613962927,0.028130058058270995,0.004958786606633269,0.010673182847392618,50,3024,2021-03-19,1218,1572,CRV
215,0.002409103524840401,0.0062395612397172385,0.00370530222594669,0.03720665160479627,0.8367446375507127,0.005852601156069364,0.00681459887788626,0.02805095143666161,0.014322919881198144,0.020640701436481754,50,3024,2021-03-20,1201,1736,CRV
216,0.002332078914357398,0.0061472428134839606,0.008036737145484439,0.06195223060426458,0.8422222105856618,0.006879043485382033,0.006412839894644744,0.028344935094946434,0.008359588741118877,0.01432983411712123,50,3024,2021-03-21,1185,1636,CRV
217,0.0027547505391951857,0.006958037351423433,0.010012656254843936,0.06684382445236672,0.8152845854149001,0.0112673343605547,0.007021891615113236,0.029563635503480745,0.019096478391839877,0.024072810350434924,50,3024,2021-03-22,1084,1617,CRV
218,0.0027913249094805824,0.007695150221871591,0.009471858660353763,0.07991763854636372,0.8322415247090562,0.006969263759828449,0.007258713516244196,0.030146291267793158,0.01657041349199906,0.025195489632982817,50,3024,2021-03-23,1041,1511,CRV
219,0.002747101483474185,0.006831553821812423,0.0048820741894701584,0.04982841921282982,0.840573736776108,0.006066052572455628,0.00679385872959287,0.03075485629020173,0.01622081540655489,0.021332962944326714,50,3024,2021-03-24,1009,1397,CRV
220,0.002805246485729895,0.007002699613869013,0.009150398297155025,0.06710796791619045,0.8357370888033804,0.009628440933218121,0.006705015367899734,0.0306156312645446,0.015034349745222882,0.022224871757865895,50,3024,2021-03-25,1019,1455,CRV
221,0.002405170090347647,0.0059454434823307725,0.008720373180855643,0.06797099499752961,0.836774555032492,0.00642570281124498,0.005902353426057653,0.028658275955342937,0.014310291254063858,0.023227870731104595,50,3024,2021-03-26,1169,1642,CRV
222,0.0018175649243610942,0.004164558952536309,0.004832337307604768,0.05812625295149274,0.8619504652411512,0.005734919286321156,0.005269454453713725,0.025801063345664364,0.008588311977698982,0.01539410588388923,50,3024,2021-03-27,1443,1891,CRV
223,0.0020733954900260154,0.0053312102623751575,0.004229381048453809,0.04258699689471392,0.887477283089121,0.0033547665641599105,0.00699565264907938,0.02861946745945415,0.005977266909790155,0.012330364387269255,50,3024,2021-03-28,1153,1377,CRV
224,0.002506527415143629,0.007056317103823676,0.008340831095724623,0.06773162014099608,0.8364819946030354,0.008680675163623837,0.00613282400015551,0.028856156271881903,0.015448367973922609,0.02133653415783874,50,3024,2021-03-29,1150,1656,CRV
225,0.002581124597473392,0.007385822355710933,0.00968116746924634,0.08075380086137654,0.8580888199192294,0.00828033121324853,0.005890566800298206,0.02956958889668886,0.01080846286554513,0.018020240095111082,50,3024,2021-03-30,1101,1563,CRV
226,0.0032255041314568546,0.007960680786682066,0.006122188136207654,0.04776712794976634,0.8313270078146441,0.00766969193404065,0.008422477155859885,0.03271900686732211,0.010084286663099733,0.016896452494804117,50,3024,2021-03-31,877,1239,CRV
227,0.0017041006697470452,0.006623452204557618,0.007027085370389059,0.05600977246522211,0.8099519409159797,0.003897580252260055,0.008743254516434384,0.021623680312182456,0.027820892960187565,0.023194650574049486,50,3024,2021-04-01,1839,2880,CRV
228,0.0017629061432568483,0.005440795573712826,0.008180744449558863,0.06860351338067518,0.8228891481568992,0.0045627376425855515,0.007223648330002524,0.024023169781862825,0.024348945206368773,0.023389155473335452,50,3024,2021-04-02,1590,2227,CRV
229,0.0018393077469910611,0.006316893010559174,0.006840588896871534,0.05808842558682869,0.8350755191088908,0.004968349771823937,0.007033867207246068,0.02428743023774523,0.019372726335042195,0.0225684454296686,50,3024,2021-04-03,1565,2251,CRV
230,0.0015876118679937236,0.00945399022853549,0.006782901634436847,0.06234114722512331,0.8445768023512306,0.003668141115546445,0.005210738676647133,0.01962672004810698,0.015128822900793296,0.019968808916491772,50,3024,2021-04-04,2426,4670,CRV
231,0.0017696789171668277,0.0063194980699469725,0.006424413760421854,0.05212272725424212,0.8262857411209051,0.005790828263921385,0.006163055801176605,0.022417331514744378,0.018552755959745995,0.01973537500552183,50,3024,2021-04-05,1851,3030,CRV
232,0.0018641695016066934,0.0059331972036232,0.0069148919843996445,0.05489841157941792,0.8172740256420479,0.005805562844397796,0.007472466321031712,0.02337815750726975,0.02565012304359651,0.02440984496204394,50,3024,2021-04-06,1661,2570,CRV
233,0.0020754868739006308,0.00673250217453716,0.00773094569575538,0.06164870345431672,0.8201765473423454,0.004595329644565319,0.007723514405893184,0.024529238344685362,0.017380899713412747,0.019817097272273165,50,3024,2021-04-07,1513,2374,CRV
234,0.0018498057083265623,0.005317341684661922,0.004174892562451088,0.03925606491501557,0.8448712182416128,0.004770992366412214,0.007543275050972529,0.024219063342269677,0.019725165630299652,0.023446259274496548,50,3024,2021-04-08,1555,2235,CRV
235,0.002087084481274922,0.006336271451831126,0.00505873684996617,0.05828464701539995,0.8429186627670767,0.007463530476082778,0.007114114214950297,0.02493692643124008,0.012474235472287296,0.016259088932274533,50,3024,2021-04-09,1488,2309,CRV
236,0.0014544834177954308,0.004627001106428878,0.00557199857616434,0.055738208381925274,0.8529344647484942,0.004571428571428572,0.005892122225465697,0.022096997318641988,0.01079969091211988,0.016089353556962147,50,3024,2021-04-10,1913,2660,CRV
237,0.001277191650961386,0.0044754080331183615,0.006077036451308426,0.06127038762639487,0.8688124174429177,0.004665300063617728,0.004971097893884867,0.02147521425315894,0.012926308200271358,0.015343237421348913,50,3024,2021-04-11,2059,2706,CRV
238,0.0017012272238395728,0.005512795648621428,0.007904153578167834,0.07300096885380207,0.8627292533579216,0.008711058615089326,0.00598445548647951,0.023584558504825767,0.010645810382376391,0.017340201775522847,50,3024,2021-04-12,1690,2428,CRV
239,0.0016831954965835618,0.005637060092034066,0.007327297537449642,0.06633057892310877,0.842767662902582,0.00903173311635476,0.005953478464696097,0.02341594680436671,0.018609982847405598,0.02087869092583467,50,3024,2021-04-13,1714,2471,CRV
240,0.0018216924943367933,0.005415423460130687,0.010178608530347327,0.07418512093404235,0.8271868244381615,0.009096584321769375,0.006025770100472192,0.024118760852064595,0.018490761718764195,0.019557967966696628,50,3024,2021-04-14,1619,2386,CRV
241,0.0009322321744187133,0.004073688518896096,0.010035811716971378,0.07819983817809747,0.8711571024612937,0.005210343496719413,0.003596572885257061,0.01736165742211333,0.011668792471626246,0.017691872445011265,50,3024,2021-04-15,3182,4718,CRV
242,0.0013077379497637264,0.005249779171776313,0.006184795277392779,0.053668717775905726,0.8268292307638354,0.003601071538360195,0.004076181765245445,0.019737067561776123,0.023579688104769268,0.026998565480100524,50,3024,2021-04-16,2463,3965,CRV
243,0.0015104892690527135,0.004184882006587888,0.0027758879222423735,0.04114211226009504,0.8650494975223338,0.0038299683200151307,0.0054345325129424955,0.023881544410238247,0.014823569998001516,0.01976302631731421,50,3024,2021-04-17,1668,2100,CRV
244,0.0020887346566743187,0.006602104935085943,0.008776618215842264,0.06343678041317992,0.8061387636765418,0.009238836406009405,0.006711886933553727,0.02495842848948641,0.021293351592271106,0.02338578147026071,50,3024,2021-04-18,1498,2342,CRV
245,0.0017632375513611169,0.005465191215135162,0.009691492615238582,0.07961335392709326,0.8289019796866172,0.009551639916259595,0.0061444778406482955,0.02377727759220336,0.023829611039064016,0.020891358833315565,50,3024,2021-04-19,1659,2425,CRV
246,0.0021213304184884594,0.00771055841915053,0.009610053796402028,0.07355505556743196,0.8137613582891363,0.007383364245969468,0.006205850822805321,0.024217005289667873,0.03017516297869659,0.02842574146939272,50,3024,2021-04-20,1601,2717,CRV
247,0.0019338539863296559,0.005670567786840587,0.004068311310583134,0.04305916996781847,0.8403384204280981,0.004652605459057072,0.005371832403288654,0.025002935438460827,0.0159213083679415,0.022337716932733752,50,3024,2021-04-21,1530,2262,CRV
248,0.0015402958532050625,0.006504078737376541,0.007586764161323754,0.0597507674263233,0.8187978398341448,0.006452520704349924,0.003989799756450438,0.02082581638431874,0.02452602238942707,0.03114365379689402,50,3024,2021-04-22,2225,3811,CRV
249,0.0013842573777884657,0.006861536771735867,0.009380114622843704,0.06788309570732293,0.8339357213889931,0.005763731681162874,0.0034391000301987537,0.019007959020583547,0.018696904447451184,0.024444350705820253,50,3024,2021-04-23,2681,4973,CRV
250,0.0007551484272317961,0.005293578946829304,0.0040661416937424425,0.04374931177668465,0.8553135892850317,0.0005915916817065276,0.002315502204705688,0.016062467201774955,0.013028109143005041,0.025479039265008302,50,3024,2021-04-24,3798,5445,CRV
251,0.0010501801043062342,0.005127703581172816,0.005348626179510207,0.04862635968613819,0.8717841540796183,0.0034987434090573105,0.00345516668392783,0.018739415534689573,0.011100670966650236,0.016531912474084476,50,3024,2021-04-25,2755,3984,CRV
252,0.0010093247440387837,0.0045668031122050685,0.005403715171620821,0.05311101215560506,0.8723076797830095,0.004072091094185958,0.0030812119493877936,0.01827964666260011,0.010347517587383134,0.016357939431357205,50,3024,2021-04-26,2911,4275,CRV
253,0.0010047511488433612,0.003955859834187336,0.004340181880876393,0.05014992930559771,0.8828304292533736,0.0048817616335529255,0.0036494626987017705,0.018628928656355584,0.012018562525641091,0.017235721688574346,50,3024,2021-04-27,2776,3870,CRV
254,0.001394500048498413,0.004911436044430873,0.0027193817432146186,0.02981661256355675,0.8581253679601469,0.007089487402258905,0.004027962505272068,0.021420251933311197,0.014219060425274422,0.019538204938942698,50,3024,2021-04-28,2106,3091,CRV
255,0.0014426357642382459,0.005517592398172481,0.006792339744886275,0.063416497112964,0.8389443785316376,0.0024149472524679066,0.004014403378209241,0.022100165212776607,0.0171256731353575,0.021428210433406394,50,3024,2021-04-29,1983,2835,CRV
256,0.001011219301919439,0.009079675915336764,0.00470229484424128,0.04665463377752666,0.7324269695153708,0.00021908522067329872,0.004486797763405563,0.01762863206677283,0.02222536851342359,0.028214740730455306,50,3024,2021-04-30,3023,4619,CRV
257,0.0009310956340933941,0.008545778477052079,0.009845577513647402,0.07108329222125359,0.7269638973466696,0.00035934706638038685,0.0036787599005684343,0.016319920101760824,0.03858530242549233,0.03904102864415331,50,3024,2021-05-01,3574,5945,CRV
258,0.0011072140843132485,0.009642361719188813,0.00852447934637125,0.06229051981937713,0.7199433341879417,0.0004477249013525666,0.004430839033502433,0.01727505655095828,0.04093164389224323,0.04278770631933455,50,3024,2021-05-02,3145,5474,CRV
259,0.0014784910829534928,0.011161923612376662,0.011689333031588494,0.07647554838735504,0.7008304071960416,0.0007699333479268412,0.004708371410044482,0.01958740405074085,0.04640050296495652,0.041450445508845225,50,3024,2021-05-03,2465,4490,CRV
260,0.0016722045494947946,0.012489808031330821,0.008914753917511979,0.06312837675543309,0.701034885687647,0.0005771759777896839,0.00619573622261103,0.02127233001833056,0.04739939509995878,0.037898806425513853,50,3024,2021-05-04,2038,3471,CRV
261,0.0014205315427933073,0.011503476197733316,0.009442991264205489,0.07578616762641378,0.6866090764803605,0.00042119795718990763,0.008597509695470205,0.01951943266169361,0.04921776029659099,0.04151905151366589,50,3024,2021-05-05,2199,3433,CRV
262,0.0016801387469417832,0.012307890014042644,0.007042700858365402,0.05713488976868276,0.6928680236401922,0.0002871597368265471,0.007341365821266085,0.022179415168993372,0.03941160577289747,0.03256601731144537,50,3024,2021-05-06,1833,2821,CRV
263,0.001878236639415448,0.013070318694330067,0.005882192972133624,0.048416110911901546,0.6926296376393717,0.0004632040398658222,0.009307031823047783,0.022061821913522288,0.04153875472964399,0.0319115155982029,50,3024,2021-05-07,1745,2858,CRV
264,0.002092632963078403,0.014127748601999498,0.009131569538924498,0.06824738097812412,0.7009544223170067,0.0004180396399940983,0.01449039539549711,0.021160931901523072,0.03786422036981929,0.029541020278493976,50,3024,2021-05-08,1521,2419,CRV
265,0.0024568242480509793,0.014396052942334666,0.007260328215651002,0.05454724604649351,0.7027390956962283,0.0007431465374876142,0.01754183659993569,0.02245844342568367,0.03893227384001955,0.03249853185655187,50,3024,2021-05-09,1232,1863,CRV
266,0.0032164890878468477,0.01687287065025817,0.010741791275618324,0.07591112117747287,0.7200950578563279,0.0016125821222377065,0.006104835461359122,0.029954558791376245,0.03812928074846285,0.030156574747388122,50,3024,2021-05-10,1071,1843,CRV
267,0.0032028922779233525,0.016546833630210665,0.005992142651691797,0.047540134291516434,0.7280084769782879,0.0009339296647192504,0.005954012182107126,0.0297687092776756,0.03746857359066762,0.03162338344545449,50,3024,2021-05-11,1086,1887,CRV
268,0.003099066928854104,0.015138016221280423,0.007950954482101681,0.05560972048741209,0.6982173313459029,0.0018644669722993478,0.006106319882388753,0.02795859685847143,0.042217207228732394,0.03270176936841782,50,3024,2021-05-12,1222,2312,CRV
269,0.002687458896703821,0.013079765076332163,0.007685388348958394,0.0616602815289778,0.7662966259246068,0.002156721782890007,0.006620284358687829,0.02651348887909475,0.03410440596218787,0.03589769307027373,50,3024,2021-05-13,1340,2411,CRV
270,0.0018722932785345543,0.008726646572265616,0.004554024610952606,0.045185131383384716,0.8045821084470919,0.0015028137789904502,0.004560926190791803,0.024314200080815553,0.023148280969369342,0.02845751942478049,50,3024,2021-05-14,1635,2501,CRV
271,0.0026057404776667226,0.013419426164149184,0.0071255032445520635,0.06498054172446607,0.7176179605840156,0.0007029382820188388,0.011305919766523334,0.026098548802079836,0.04839809123792351,0.0444119946618035,50,3024,2021-05-15,1237,1992,CRV
272,0.002279615319014982,0.011990198957126903,0.006315514181044082,0.05099330923225222,0.7308141715293961,0.0008794293480674762,0.008150485759841838,0.02594543153173963,0.03872685484989844,0.038311974766015965,50,3024,2021-05-16,1353,2085,CRV
273,0.0026593039486375197,0.012521269673466904,0.009634741084954579,0.07199263347841629,0.7413323935238563,0.001377572646352376,0.0091796229814647,0.026433953377429025,0.040701350165487156,0.04257802695609688,50,3024,2021-05-17,1278,2170,CRV
274,0.002831392662083645,0.014739060107907804,0.010711054598875103,0.07313483828925861,0.7155890263329804,0.0015294864937148971,0.007646779570671539,0.02674837027415074,0.04460584847111698,0.03862746374315903,50,3024,2021-05-18,1293,2365,CRV
275,0.003949947764435142,0.016321956117406063,0.01980078370878085,0.10578808324135114,0.7105356924295921,0.007536110529621101,0.007157246862390199,0.02838358594100448,0.04879100846403358,0.04569592416234556,50,3024,2021-05-19,1168,2692,CRV
276,0.0026686882972067937,0.012751102900326277,0.002694703776458589,0.037941236149008906,0.73194192430955,0.0005702851425712856,0.007649858072697265,0.026352374715533998,0.049786769090885814,0.04415218774372278,50,3024,2021-05-20,1329,2355,CRV
277,0.0030413816418685086,0.015108933948305644,0.012283269808139903,0.08300821112530996,0.7222595321350934,0.0024652359049336732,0.006563822678610587,0.027384365559041755,0.04040892004524924,0.03760915544328347,50,3024,2021-05-21,1262,2420,CRV
278,0.0024926236615474134,0.014136673480318869,0.01163889367293405,0.0750644018927091,0.7070974932965349,0.0017654366731326694,0.006927433398960947,0.025782452106316193,0.04202711279558428,0.03580560153250715,50,3024,2021-05-22,1404,2455,CRV
279,0.0031414239000243254,0.015065636303318003,0.013420590033473262,0.07975648609423679,0.7351381160458167,0.0027540512493015087,0.006934576838795608,0.027385358541709013,0.04183080903516617,0.04009619972531626,50,3024,2021-05-23,1254,2468,CRV
280,0.0027356274890228236,0.015197548470292034,0.012335425537081692,0.07433065526068296,0.7087771820491932,0.0015568240788790867,0.006438075160807845,0.0259483688085888,0.04067625349786224,0.036980003702211876,50,3024,2021-05-24,1400,2679,CRV
281,0.0024570817023647023,0.013911821948516286,0.012376388993764703,0.07963805366621761,0.7140922804536506,0.0017515317702934963,0.005676284663730032,0.02582746522799501,0.04057062961272863,0.03590950309161777,50,3024,2021-05-25,1431,2514,CRV
282,0.0022695486051365864,0.014218505646517818,0.009208731633815467,0.06469559634069355,0.692554805917247,0.0008239750838226226,0.005458632560349805,0.025191970136576862,0.04407544881109417,0.04032854066841985,50,3024,2021-05-26,1506,2572,CRV
283,0.002291532247939743,0.013703670406157262,0.006438342340265789,0.05673429269376667,0.7005915047263558,0.0006232052300360481,0.007532920498318868,0.026121092411827824,0.03601160507678918,0.032811128114795494,50,3024,2021-05-27,1354,2099,CRV
284,0.0025422582826234484,0.014131577648715058,0.009557926931662705,0.06109577366525607,0.7173733371670964,0.0014589187019483126,0.006795149644319682,0.027168059405366488,0.04074179944335068,0.03720828026842592,50,3024,2021-05-28,1276,2068,CRV
285,0.0021913426134541353,0.013364087214679125,0.010171414961152795,0.0726429691317311,0.7242705085837468,0.0012178913240536316,0.005184296703186643,0.024707378805080973,0.033580241730016266,0.03800379873744706,50,3024,2021-05-29,1570,2699,CRV
286,0.0026858008899876963,0.015965093087677622,0.011617222559360813,0.06847926590236479,0.6983216097068848,0.0019070195535720199,0.0064558780939023685,0.026459978873419863,0.039762527505716364,0.041228571573860485,50,3024,2021-05-30,1349,2442,CRV
287,0.0022006586029007726,0.014142628351780085,0.010603422797802608,0.08081024727309624,0.6865631681349861,0.0006515538352389272,0.005939151167316029,0.025109399842118442,0.0416628237591544,0.040134042529193725,50,3024,2021-05-31,1503,2484,CRV
288,0.0023136573327310556,0.01441464096876911,0.011283145131968474,0.07459232901414808,0.701374941813234,0.0011470048468307373,0.016572994100469265,0.020865475439459005,0.04154994049244645,0.038886680975540655,50,3024,2021-06-01,1409,2295,CRV
289,0.0021126875792256885,0.01375100405652605,0.01017652822217649,0.06879395651005399,0.6991109442678934,0.0009854100482409695,0.005430906373649262,0.02577687556196757,0.043385656255772106,0.038889496077119105,50,3024,2021-06-02,1442,2195,CRV
290,0.0021749943918305996,0.014389527555153242,0.0099600796632568,0.06546811113077235,0.688799664751095,0.0005113847679656184,0.009708237014231957,0.025338858610372553,0.03956113363416099,0.03346816005667036,50,3024,2021-06-03,1359,2007,CRV
291,0.002266676508944232,0.014318234124604501,0.013540390919168999,0.09170283030484086,0.6675535845537716,0.0009444269550563879,0.005815391631842797,0.025843991055100792,0.04002054267655218,0.03478493665610781,50,3024,2021-06-04,1426,2303,CRV
292,0.0019226652208399581,0.013317064777700586,0.008278864048839952,0.06108360791996744,0.6785431440731237,0.0006254711080461245,0.005963073716218418,0.024597438140971244,0.04005500064774684,0.0401431961603317,50,3024,2021-06-05,1562,2344,CRV
293,0.0018262030284661465,0.013786744799575732,0.012331685420053572,0.07544952124275767,0.681377396128832,0.0005619211941545788,0.015084889081049319,0.019776682976598296,0.04285120347374329,0.044490582359907736,50,3024,2021-06-06,1617,2386,CRV
294,0.002151619379075583,0.013422537754421898,0.008312896533923744,0.06054743368000963,0.700032057404348,0.000918637249156596,0.00639545888067059,0.025148980809233477,0.04367919717301732,0.0411679716027785,50,3024,2021-06-07,1486,2374,CRV
295,0.002499215469907841,0.014549273020293303,0.012575918934504788,0.07350438700731518,0.6872501839652873,0.0013403970128295143,0.007368316995050116,0.025729387705466417,0.04835165332174953,0.0383786023143427,50,3024,2021-06-08,1397,2437,CRV
296,0.002782142527035714,0.015924604847675505,0.015192059788252766,0.08522289411148498,0.7016687403663283,0.0018337737986084894,0.005261333398042718,0.02625156005933906,0.04744581570700198,0.043157450819398695,50,3024,2021-06-09,1396,2709,CRV
297,0.0026380339704724365,0.014498328693676867,0.015705601490210268,0.08496009703958374,0.6821737437926108,0.0017773726785917739,0.006172049451215265,0.026062206220764977,0.0481435883073293,0.04173315632988836,50,3024,2021-06-10,1395,2565,CRV
298,0.0031093532088068447,0.015397877345049236,0.0114893629450674,0.07724524876852266,0.708103751986532,0.0020242524724798055,0.008021537742261876,0.028442242898523314,0.037963307119866736,0.03296772387689531,50,3024,2021-06-11,1146,2040,CRV
299,0.002604908159263046,0.014724975568938897,0.009416540094802637,0.06311646218625525,0.6971108592873062,0.0008524794677201372,0.012003445773333472,0.024743442629804602,0.04943529947462931,0.043914818323695655,50,3024,2021-06-12,1323,2278,CRV
300,0.0022708456534594446,0.014192742518590758,0.008759861905562149,0.06291630515025365,0.6966025288864518,0.0005995503372470647,0.015041871726246357,0.021813537012692976,0.04816949304930245,0.05366894761921776,50,3024,2021-06-13,1425,2304,CRV
301,0.0024460159376510932,0.014167658709658058,0.011881980280719044,0.07183660855552035,0.702947561983142,0.0009806990088680229,0.0069954095119124935,0.026749819195431533,0.04363155703433197,0.04123680692730411,50,3024,2021-06-14,1309,2094,CRV
302,0.0025994743001505408,0.014663829800614044,0.01648322222601366,0.08959321459874553,0.7014033023417322,0.0009806183664051685,0.01716055733235576,0.021621423153229482,0.04764104741673934,0.04220731920877589,50,3024,2021-06-15,1313,2239,CRV
303,0.002557412762073617,0.014901060655249154,0.012168073103876121,0.08441741260722554,0.7008054621422536,0.0011996074012141482,0.009909702552935676,0.026946598032305064,0.04535064201886352,0.04031268332273431,50,3024,2021-06-16,1214,1883,CRV
304,0.002336266253792022,0.013582187590201446,0.008626031283014762,0.07190396282854253,0.7139373160509316,0.00045609851727973244,0.017193992530618513,0.022311046251618036,0.038694168588935776,0.03782107056768568,50,3024,2021-06-17,1261,1856,CRV
305,0.0027406107896276125,0.014551360656734517,0.018626363242162998,0.09991421286047815,0.6974454915463371,0.001975059136945089,0.0071460420266382645,0.027180565895660074,0.04961523058436136,0.04334557490412605,50,3024,2021-06-18,1267,2198,CRV
306,0.002669171219396703,0.01568307371733874,0.01040335800639637,0.07355128172947391,0.6973245629137217,0.0007315110580088269,0.018519474497626417,0.02267967932460395,0.04077631180076905,0.03786554807112063,50,3024,2021-06-19,1167,1816,CRV
307,0.0029403116730373543,0.015792756675240667,0.01551693199734333,0.08834725405728475,0.7141955487353454,0.0016752792132022005,0.006869703313262096,0.027401717272634813,0.04270556521067972,0.043256848812977214,50,3024,2021-06-20,1254,2310,CRV
308,0.0038737389968412205,0.01844192850221572,0.014234418374341046,0.08247517827764239,0.7012833487226836,0.0028780966187694538,0.006489655279151511,0.0290445634059196,0.048830690657732094,0.04153397598558412,50,3024,2021-06-21,1130,2471,CRV
309,0.004116210297001467,0.018955131485258438,0.013549376466298746,0.08135931239152884,0.7073109687101233,0.003420628085539962,0.007446756834949034,0.029258713063576632,0.04825650119316016,0.04226884957074002,50,3024,2021-06-22,1098,2479,CRV
310,0.003907068365533912,0.019673181867807865,0.014438421298551458,0.07921718537299215,0.691149298774781,0.0023690783770096394,0.00723083243148477,0.02779846095040305,0.05612573613848515,0.046962327337657324,50,3024,2021-06-23,1213,2872,CRV
311,0.003968619537481778,0.019451316865780888,0.013904107697968295,0.08471972641190237,0.6985295755406918,0.001930159914215115,0.00843628610379627,0.02800357455837961,0.047111917892095755,0.04166842306427206,50,3024,2021-06-24,1170,2714,CRV
312,0.004250851249644307,0.019980523096319088,0.012887266384857293,0.07194376883312634,0.6932427978515637,0.002581057496128414,0.007158071882310829,0.030656019041385367,0.04114004590418415,0.03658769202757787,50,3024,2021-06-25,1010,2166,CRV
313,0.0035961123259517073,0.01879656506739385,0.014899948442146805,0.08177395551085329,0.6904783075724209,0.0019024467579136502,0.007168673482268333,0.027937682836426572,0.0434323346589849,0.042342869076345054,50,3024,2021-06-26,1203,2600,CRV
314,0.003430636641645777,0.018262365273902074,0.010113762515543157,0.06670844653253022,0.7012986125440696,0.001650443223865764,0.013117032624664788,0.025726024023353417,0.04714896429259642,0.04860654863578322,50,3024,2021-06-27,1200,2468,CRV
315,0.0031019289547401636,0.01792822700820144,0.018508478108717308,0.0986128855601859,0.7193822000477719,0.0036600095160247417,0.0052033345518363,0.024589024899171925,0.0536877518346801,0.05696321722184996,50,3024,2021-06-28,1584,3889,CRV
316,0.002086349977423898,0.01363725029319916,0.013944469408948024,0.08597758069155986,0.7301243465019266,0.001154983700697308,0.004616352222126433,0.022496760048371724,0.053128719828244964,0.059683857341150726,50,3024,2021-06-29,1897,3752,CRV
317,0.002205963568931629,0.013269502297588642,0.008256577394896216,0.06275585221711295,0.7404392374233651,0.0006850601076812999,0.0057126219186347275,0.02431410929602206,0.049867631502472205,0.06019177185877657,50,3024,2021-06-30,1604,2836,CRV
318,0.003422360782208394,0.021226834552236003,0.01606457855115878,0.08689928492268538,0.7118705280610871,0.0023092168663745296,0.007646222459630412,0.024642956780863052,0.05446973738720348,0.04598398933118273,50,3024,2021-07-01,1503,3863,CRV
319,0.002862940064163777,0.017048012713954997,0.017924329439199825,0.09823252955202924,0.71899191863799,0.0022741801354325187,0.006566991231657481,0.02393723041481119,0.04913814129433851,0.046250336164784266,50,3024,2021-07-02,1624,3773,CRV
320,0.0011754445834756587,0.013091677990530707,0.015245808549859538,0.08720215031063236,0.6006437293873776,0.0003101704497864143,0.0037281977471855157,0.01842084974412463,0.059428007279171365,0.08861003400875193,50,3024,2021-07-03,2832,4712,CRV
321,0.000982927226037206,0.010157461998233834,0.0121315615174237,0.07485223035343348,0.693398788365094,0.0004067745302384834,0.0035267803884151826,0.016343874178808747,0.046987672104675235,0.07014483857572477,50,3024,2021-07-04,3578,6290,CRV
322,0.001829067683162132,0.015831372643000254,0.02153142380753718,0.10368636205164558,0.6748866579594092,0.0010553167864766299,0.003946566348602148,0.019001752074364844,0.06292452319393192,0.07510770127633815,50,3024,2021-07-05,2656,6449,CRV
323,0.002644992154684386,0.015367461719479282,0.01620162552501242,0.08425676907820547,0.7173194284660157,0.0025819417933196464,0.005439099114100502,0.02324918841475762,0.05196945115196777,0.043324311752301954,50,3024,2021-07-06,1755,4071,CRV
324,0.002417345943388716,0.012450971714064087,0.012738496297768343,0.07572053271451025,0.7255033520877776,0.0018413615845939413,0.006311047257206903,0.024645366582022925,0.046494141119728626,0.03779212045105334,50,3024,2021-07-07,1546,2887,CRV
325,0.002911115058921004,0.014687284957096933,0.010688868007857283,0.0660071666783129,0.7243171178214175,0.001700835787048044,0.0063658112307185795,0.0270049660643755,0.0498444831998476,0.04547918645960662,50,3024,2021-07-08,1300,2458,CRV
326,0.003350115990228086,0.016709154481561402,0.016481302709211998,0.08560238888332351,0.7167134762390276,0.0024299557923705244,0.007372958450598622,0.02732906834968493,0.04907797557611423,0.04332946854234487,50,3024,2021-07-09,1249,2611,CRV
327,0.0025305275698102566,0.014387338739339372,0.01263734149056866,0.07865317515410897,0.7099358907659685,0.001627019748653501,0.005190606298935052,0.0262656462102455,0.04691360266754051,0.05148274064061305,50,3024,2021-07-10,1396,2464,CRV
328,0.0016402579408485798,0.015016719438577844,0.014598090729564731,0.08389597390425839,0.6160953680692816,0.0004525469073742962,0.0041989853442259695,0.022199640640124838,0.05615679301358992,0.08333147771738209,50,3024,2021-07-11,1960,3149,CRV
329,0.002741674121267834,0.013671411031680078,0.009686013970498156,0.06522022598343959,0.7158857884717688,0.0015836800429472554,0.006521993593632127,0.02791274502177356,0.04188300955285937,0.044374793249816906,50,3024,2021-07-12,1218,2032,CRV
330,0.0030757408774252913,0.014282420085728506,0.010409837232176858,0.0680008177319076,0.7311146910697871,0.0016793754538852578,0.008598471830604318,0.030529135583641145,0.0390804387991694,0.035660205232798975,50,3024,2021-07-13,995,1521,CRV
331,0.0035843371363497556,0.016255253511490698,0.015498991855280189,0.08875396714860286,0.7226620010834149,0.0031737044431862206,0.006657521279157861,0.02993943030525292,0.04297343505006274,0.03975360602646891,50,3024,2021-07-14,1064,2027,CRV
332,0.00392134090179548,0.019027795093397304,0.018353671237951095,0.09982514399645258,0.7008730737550403,0.0035003771450122572,0.00632456404040826,0.029299087823371223,0.05398615011282292,0.05109673122807154,50,3024,2021-07-15,1114,2431,CRV
333,0.003449208429549195,0.014604463549946522,0.008820005275555225,0.06504598966642203,0.7109614117352333,0.001667448283049346,0.00913912791813066,0.03060717686977592,0.04568874075484696,0.04372272071547156,50,3024,2021-07-16,981,1658,CRV
334,0.003996544859001229,0.01634865789604785,0.01459207187852547,0.07838230006620261,0.708022043119592,0.0036076964190272583,0.007670087906479781,0.032418858254771976,0.049512086187782516,0.049994031046838326,50,3024,2021-07-17,902,1624,CRV
335,0.0038700422713607283,0.015733035120275993,0.011730308760928444,0.07047105963512076,0.7076161340717501,0.0017590722522639911,0.009898681088561968,0.03373409163675557,0.04210760714177205,0.04264592051741332,50,3024,2021-07-18,810,1268,CRV
336,0.003739998436237636,0.015272198839689605,0.020562276297379438,0.09942186692244281,0.6881760811068941,0.003984965810804692,0.008374966142456516,0.029917272679927075,0.050140789839216784,0.04832642102341893,50,3024,2021-07-19,1037,2009,CRV
337,0.00330994125879694,0.015882185896485396,0.02170861619319761,0.09758386071065811,0.718787042658517,0.003482664072174067,0.0064483693642755965,0.027331836248402692,0.05758116032021066,0.056985595589798446,50,3024,2021-07-20,1269,2663,CRV
338,0.0033186555853260556,0.01646399608306991,0.019930500963778745,0.11061670626296742,0.69746921687368,0.003290407873475983,0.0065165695257918856,0.02704616907240192,0.048275944668870446,0.04555231967727204,50,3024,2021-07-21,1293,2772,CRV
339,0.0036603660366037647,0.017104117455464425,0.024422346706214074,0.1159005771479955,0.7062289454043883,0.004539826661163846,0.007164102534761934,0.029146703031484537,0.04687901871330299,0.04379666339898909,50,3024,2021-07-22,1111,2257,CRV
340,0.0030570703510891272,0.014960771023266947,0.014040200003641803,0.08053174514172194,0.7065893645676178,0.0023376307960088242,0.01100149898120033,0.026609285174480097,0.04475867935460893,0.04442794457253484,50,3024,2021-07-23,1207,2225,CRV
341,0.0028736430570163326,0.01361716208550685,0.012799889253722777,0.07346056305641681,0.7166468550300346,0.002374893977947413,0.006416015701067518,0.027793360677058385,0.053158095242526106,0.052691136895597145,50,3024,2021-07-24,1230,2172,CRV
342,0.004343806712914846,0.018252779908188865,0.014937526009006177,0.07913167968330227,0.6901704165738473,0.002937751429176371,0.012046292258919202,0.02878290081235389,0.0441235748158624,0.03666868225169975,50,3024,2021-07-25,1028,2293,CRV
343,0.003482785599146437,0.016830512846600032,0.014148395107886558,0.07838719874328559,0.6981300857231723,0.003114340797864452,0.006470286302050866,0.028357074344603547,0.05108215907662553,0.04500968514428603,50,3024,2021-07-26,1183,2435,CRV
344,0.0034433753912926517,0.015439630802207949,0.01543490981250478,0.08700766463574947,0.7098801999231057,0.0023762027693029807,0.007299790749278091,0.03044754456071246,0.04700598352836429,0.04225038691291533,50,3024,2021-07-27,1021,1793,CRV
345,0.002810069138374217,0.013266671567623813,0.0099752915253422,0.07005201116392826,0.7164294190772268,0.0012012244739799279,0.012436414760103522,0.028370408101564864,0.03588155292047577,0.03476091932285132,50,3024,2021-07-28,1043,1527,CRV
346,0.0031114702996016407,0.014271139477977963,0.011111749607789177,0.07825805164551869,0.7087230098855345,0.001973131821998321,0.0075057923594091325,0.030413188972428108,0.037516450714592836,0.035627761471507126,50,3024,2021-07-29,1020,1617,CRV
347,0.003084726186879676,0.01410299471754903,0.01042853935744601,0.08064393168903906,0.7151874135724542,0.0020493980841923094,0.008628755184798768,0.03065400225631151,0.0361556012570597,0.03238376893571721,50,3024,2021-07-30,987,1501,CRV
348,0.002845814349346143,0.01443569577270539,0.005535242828699566,0.04569370487419857,0.6964145484530436,0.001174297562109332,0.01817873715163107,0.026063398111972676,0.038644591111560836,0.038678964365782983,50,3024,2021-07-31,991,1396,CRV
349,0.0032544221251580505,0.014800501604389707,0.013821139983579634,0.08285424898691993,0.7139290814766167,0.0019408388277884073,0.007967097039949453,0.03079946214078517,0.03640272669892043,0.036036745706306994,50,3024,2021-08-01,989,1590,CRV
350,0.0007569283311991473,0.011714167182087844,0.004202157106305503,0.04178602691623318,0.5783717878206583,9.933184592587485e-05,0.00237663229643671,0.017528290432658227,0.003758471037651101,0.011329655805516065,50,3024,2021-08-02,3197,3867,CRV
