,DCmean,DCstd,clustermean,clusterstd,modularity,transitivity,eig_mean,eig_std,time,num_nodes,num_edges,token
0,0.001175544879516006,0.005837272228879469,0.009326809119901188,0.06433948004940977,0.8237954280823097,0.002327861242842346,0.003487771484367487,0.01404325950633843,2020-09-29,4777,13410,LINK
1,0.0011067036359938027,0.005210100001624786,0.007303910478652913,0.05703828701052055,0.8406440526415523,0.001576562651804877,0.0033350449031655975,0.014539391824607634,2020-09-30,4495,11178,LINK
2,0.0009342076279777119,0.0046825682116314795,0.008176230349419868,0.05973763877179312,0.8358994577073962,0.0019923422821779974,0.0031378790506320655,0.013708996234027833,2020-10-01,5057,11943,LINK
3,0.0008360769257272247,0.005403620080802193,0.008146284706086797,0.06067043952738763,0.8443150637049051,0.001642783536120443,0.0030082423362517356,0.012659710978356564,2020-10-02,5907,14584,LINK
4,0.0009738146270654237,0.004765432634199327,0.0083605027684456,0.06339482516691013,0.8561690511013945,0.0021042645418809197,0.003529070458172565,0.015023136710246198,2020-10-03,4200,8587,LINK
5,0.0008560747346167853,0.0050006912595294845,0.005641168318312839,0.05360296298548506,0.8566592752865927,0.0005181277420396738,0.0037020596213485947,0.014265139691378858,2020-10-04,4605,9075,LINK
6,0.0009435070304107179,0.004362885529295263,0.006354760630404699,0.054327570405084104,0.8539735163943815,0.0017607875925382474,0.003620823246434802,0.014920603470030795,2020-10-05,4243,8491,LINK
7,0.0010647578732745388,0.005106685729181621,0.009175900367503544,0.06886729028023379,0.8376420772823459,0.00216743182192307,0.003677695269528628,0.014520250976999823,2020-10-06,4458,10578,LINK
8,0.0009797434315984932,0.004866111152441167,0.007323238496223249,0.05388891989339996,0.8446417408414596,0.002035445076534226,0.003943075273274573,0.014015991340723646,2020-10-07,4718,10902,LINK
9,0.0009465094427740643,0.0045095349673344685,0.009685401528673875,0.06726635114397345,0.8390624777120982,0.00245728850063823,0.0036574613548930397,0.014083677675093697,2020-10-08,4724,10559,LINK
10,0.0008088855470720412,0.004033409229518896,0.006460270951130721,0.05561662789570729,0.8432005103319876,0.0015648982440865985,0.0035868606320018964,0.013531262637135891,2020-10-09,5104,10534,LINK
11,0.0008683221926913435,0.004134526016888877,0.005492786302693609,0.048992226855306964,0.8479367218574957,0.001672624708930504,0.0036364319177178603,0.014193587915343456,2020-10-10,4659,9422,LINK
12,0.0009793126202663315,0.004361477019698504,0.006062487700074418,0.05477572096433074,0.8459287909418124,0.0017896754837626045,0.003715979223252387,0.01500456013801338,2020-10-11,4186,8578,LINK
13,0.0007309745192935953,0.004108769494727578,0.00966433106948975,0.0697491195640219,0.827045314309938,0.0020183550948545508,0.003501253686317937,0.012906042227966142,2020-10-12,5593,11431,LINK
14,0.0007806326481224579,0.003828987588329327,0.007176000396493987,0.05746531043140057,0.8336822656239047,0.001880254532970323,0.0039035419688070354,0.014083431544564267,2020-10-13,4683,8558,LINK
15,0.0007575989448652313,0.004037355906172722,0.007493280452016915,0.05753228204410618,0.843504005260606,0.002303629621305765,0.0035293489001481755,0.014279270182390356,2020-10-14,4623,8094,LINK
16,0.000585858105249646,0.0032653439237644855,0.00580928545178228,0.05097742465095459,0.8551071712017267,0.0007170846394984326,0.00300234059049545,0.013292302224075335,2020-10-15,5386,8496,LINK
17,0.0007383080448480335,0.0033146975632499806,0.008448860663044497,0.06667049459495462,0.8403491678125994,0.0017191262032728097,0.003428004210102292,0.014323616085394715,2020-10-16,4611,7847,LINK
18,0.0008697865284104723,0.0038778536309333205,0.007816940101784145,0.057841962414177155,0.8523813811258976,0.002291950886766712,0.0037786030798246254,0.015552043033467583,2020-10-17,3905,6630,LINK
19,0.0005575253355900758,0.0035142069110008353,0.009039665556164773,0.07552729718793424,0.8686467459114354,0.0005487446565809031,0.0028612745556235238,0.013080036936990426,2020-10-18,5579,8675,LINK
20,0.0007423163825783776,0.0035983402925695734,0.010131623012458011,0.0760497852968974,0.8439653302644479,0.002127892466997964,0.003542177634266404,0.014313938067618524,2020-10-19,4600,7852,LINK
21,0.0006513320359589816,0.003332681158779122,0.007447886512722757,0.054886149626706675,0.8370118667330709,0.0020405094095852674,0.003336735775472302,0.013245047426916123,2020-10-20,5361,9358,LINK
22,0.0006417136277757029,0.003474858648455463,0.008193615667825681,0.062428718456279945,0.8396954233932311,0.001851525304179157,0.0034625544822735675,0.013085328254419309,2020-10-21,5459,9560,LINK
23,0.0005568562871354959,0.0033689434213509256,0.008517950810330247,0.0638147223923858,0.836180008288834,0.0016131723869388663,0.003109148922152267,0.01199854734831059,2020-10-22,6510,11798,LINK
24,0.0005952484796042725,0.0032618894692757142,0.014133428101001336,0.0988660380816798,0.8494189535481029,0.0025184644998261668,0.0029837052856504383,0.01271330187773738,2020-10-23,5865,10236,LINK
25,0.0005545507922574862,0.003110849385270496,0.010083371327016602,0.07965498127793172,0.851657818757547,0.0019490156576884793,0.0031470640540357734,0.012553824774982467,2020-10-24,5971,9884,LINK
26,0.0007328870242543353,0.003942669559498678,0.009002377726225733,0.06767918274145762,0.8474843558180682,0.0025617055374118273,0.0036335339375292257,0.013890204202701357,2020-10-25,4852,8625,LINK
27,0.0006802710267637727,0.003520376973323504,0.009250216414786282,0.06685005829841892,0.8392565848371638,0.002944220981335358,0.0032677484386814844,0.013562743155029972,2020-10-26,5139,8981,LINK
28,0.0006229995629088969,0.0033743290255395914,0.009326518098046306,0.07394573029231605,0.843086090978566,0.0021726022117649984,0.0032663469681574195,0.013105121450588566,2020-10-27,5483,9363,LINK
29,0.0006571930861153323,0.0035796380715448967,0.007644898667276342,0.061070328348265555,0.8408999243367048,0.0019849174729652816,0.003235079555635118,0.013255843227113106,2020-10-28,5372,9481,LINK
30,0.000650442069060484,0.00362970961569895,0.009259054385901652,0.0666908910471277,0.8444712836916776,0.0023498262452424294,0.0033774795200433604,0.013520461718413196,2020-10-29,5150,8624,LINK
31,0.0005230384945218713,0.0032315869361542213,0.008174609856239084,0.05969482599814466,0.8473820677185983,0.0011992467231520202,0.0028686783941766214,0.012276047958652885,2020-10-30,6293,10355,LINK
32,0.0006806699263389533,0.0033602479478455306,0.009729522069644224,0.0712047093717346,0.8581782986212808,0.0017106052567643281,0.0032328970905887277,0.014339531959890942,2020-10-31,4629,7291,LINK
33,0.0006114360480704324,0.0035760396699713406,0.006450824406381102,0.06114239378034025,0.8548250485324238,0.0005602378856252809,0.0031019611439806988,0.01389576504722733,2020-11-01,4934,7441,LINK
34,0.0006343367414939072,0.003068534828252561,0.008208091235617552,0.06130586897126007,0.8523736004191323,0.002320828570438879,0.0031513011091135468,0.013609827128579806,2020-11-02,5125,8329,LINK
35,0.0006478961597091985,0.003691493442273256,0.00947611765467074,0.06861311008918056,0.8235027074456513,0.002503050164955109,0.003260090264846,0.013017401262011381,2020-11-03,5554,9991,LINK
36,0.0006640913583576391,0.0036999849319574217,0.008743703550015063,0.06265929900097233,0.8299498955152939,0.0030568937472344616,0.003391886802957117,0.013102546687212417,2020-11-04,5460,9897,LINK
37,0.0005934260004597593,0.003490287081200531,0.01268451108845891,0.08676298964561471,0.8333747221969232,0.0026379725732177165,0.0029388381262617667,0.012485576265353536,2020-11-05,6079,10963,LINK
38,0.0005028572126863628,0.0028161174215175235,0.008787817763167085,0.06975784568463299,0.8506764599194764,0.0019011540709341708,0.0028719172487837465,0.01181029982216814,2020-11-06,6770,11522,LINK
39,0.000531593149856267,0.003698344041310231,0.012784401269732687,0.08210718146628974,0.8310141234700359,0.0023472103552242616,0.0027317817039748666,0.011130617724062118,2020-11-07,7614,15407,LINK
40,0.0006697661399894464,0.0034683534064325994,0.010869455795273264,0.06999276032438702,0.8361291742112524,0.0026702181667139177,0.003189019043112021,0.01327223016213364,2020-11-08,5368,9648,LINK
41,0.0006719521763393802,0.0033295248160894694,0.010581865848423898,0.07179161997724204,0.8394638066840489,0.0030863423079818333,0.0029933190919137725,0.013289152058716277,2020-11-09,5390,9759,LINK
42,0.0006152318182186917,0.0035080283919248527,0.0113009351703631,0.0824200758805639,0.8346751168494577,0.0020963112685788822,0.0032676262425979864,0.012650198491838665,2020-11-10,5859,10558,LINK
43,0.0005462615227040583,0.0028615094937842356,0.00923026628518393,0.06824380259126943,0.8407387309054662,0.0025756749544616027,0.002815475765888619,0.012533486737213292,2020-11-11,6061,10032,LINK
44,0.000471120447638079,0.00436346957770893,0.0067080487668904005,0.05562580108978688,0.8166486450723284,0.00031644443700307027,0.0023847327484486473,0.01182051041525529,2020-11-12,6878,11142,LINK
45,0.0005683012472973133,0.0028694002368388075,0.009636265647961193,0.06638230813758492,0.8450870968889643,0.0017480222696756554,0.00304198434376375,0.012779174008573197,2020-11-13,5796,9544,LINK
46,0.0006046244404646164,0.0030387997885033837,0.009137854871812186,0.06308447951127148,0.857135120727212,0.002373723003285794,0.0029392314071289686,0.013366386696565823,2020-11-14,5340,8619,LINK
47,0.0005540285068362037,0.0032435557873674646,0.007654087215938879,0.06385940793556519,0.8513101226431571,0.0009043023925368001,0.0029274136172551205,0.013012801866295625,2020-11-15,5622,8754,LINK
48,0.0005975628110129017,0.002695321088410591,0.009815379632701921,0.06912460930723655,0.8504963938232658,0.0025733082341982184,0.002910515724265999,0.01339633923746686,2020-11-16,5322,8461,LINK
49,0.00048079196209894424,0.0026290564435374974,0.007989464054527636,0.06446559805412336,0.8508504409262181,0.0019322914956441352,0.002661836663420498,0.011806388547018203,2020-11-17,6828,11206,LINK
50,0.00048546487182601596,0.0028612746371938745,0.009745334080801705,0.06762603149596584,0.8350172913800081,0.0019467593655191984,0.0026816222692805126,0.011414195333535982,2020-11-18,7275,12845,LINK
51,0.0004891384679871547,0.002754526995047297,0.006435327724924087,0.05650854793292251,0.8454307923984282,0.0013003502936388843,0.0027534322662978146,0.011890423741934417,2020-11-19,6714,11023,LINK
52,0.00040089979732281885,0.0021504043560649677,0.007627572278024161,0.06261081726294573,0.8540389467544004,0.0015301931620459101,0.002474625891803846,0.011192920381778089,2020-11-20,7611,11610,LINK
53,0.0003670288164394842,0.002097130262417273,0.008595750869500712,0.0654092913255863,0.8586551823238374,0.0018749403555650363,0.002219193180250643,0.010466302229498263,2020-11-21,8737,14007,LINK
54,0.00043779394777766984,0.00255117789389698,0.008738876224212632,0.06642753887777778,0.8485701108396442,0.0016887948368439682,0.0023973793988337224,0.011079418034611696,2020-11-22,7783,13258,LINK
55,0.0003809183730009049,0.002209459462452144,0.008090321459097754,0.06512210407539824,0.8512347392740549,0.0013273391967602514,0.0023123602658159303,0.010757898330404029,2020-11-23,8260,12993,LINK
56,0.00030400587639477873,0.0019893510570827204,0.00840217863022013,0.06452435089629427,0.8466493300700375,0.0013011198125672079,0.0020706556594898852,0.009508362046780194,2020-11-24,10561,16952,LINK
57,0.00037122981790249936,0.002137960471125467,0.00810654532836699,0.06155714620496126,0.848805240109253,0.0017041850196581594,0.0022219804368247367,0.010709516663532766,2020-11-25,8360,12971,LINK
58,0.0002966439268212887,0.0030853076961753385,0.009363970353796268,0.0673799836550032,0.8223294908664722,0.00040833976759564966,0.0020037800837064035,0.009051226764673867,2020-11-26,11637,20084,LINK
59,0.0002103934513276359,0.004790552697381775,0.0037458135498929295,0.04308802309717838,0.7157626343396499,2.7989708801559996e-05,0.001353547554290991,0.008762654688346479,2020-11-27,12721,17022,LINK
60,0.000452582095078462,0.002493545972843631,0.006453102330272706,0.05777304488819837,0.8563074880927587,0.0011869654969035683,0.0025803475727386167,0.0116967035567668,2020-11-28,6971,10995,LINK
61,0.0004499492456553979,0.002690753829723213,0.005785619855839155,0.05415975936349532,0.8628894314654555,0.0007591432870043621,0.0025952630721137386,0.011868660052749596,2020-11-29,6776,10328,LINK
62,0.0004222255933582077,0.0022998779136789173,0.0053250589848815215,0.051898943750186464,0.8504478748709295,0.0009891751055443373,0.002190728605785517,0.011437292760516712,2020-11-30,7375,11481,LINK
63,0.0004280073774593021,0.0021810562451291793,0.006351655111781227,0.05419418875258501,0.8450916618943851,0.001394607059105104,0.002324050447784696,0.011457141209322147,2020-12-01,7318,11459,LINK
64,0.0004693234608005208,0.0024237525751365594,0.007054315824664637,0.058204830039825205,0.8550871945921596,0.0013607199758859751,0.0026829003646792163,0.012027520155223919,2020-12-02,6586,10177,LINK
65,0.0004161854505184886,0.0020902771870634647,0.005221365861482517,0.052979336045727174,0.8601071569110667,0.0011050224687901987,0.002450562553585246,0.011735132709668541,2020-12-03,6959,10076,LINK
66,0.00045095251541017923,0.0022763535002266132,0.007985096716241143,0.060264974870140105,0.8508459436901671,0.0019813136513858413,0.0023893837047147784,0.011745985959057658,2020-12-04,6961,10924,LINK
67,0.0004952084493115373,0.0025593229230953737,0.009217552218541198,0.06603672422035706,0.852574677792582,0.002472757038830812,0.002587526717653322,0.012220239065125047,2020-12-05,6410,10172,LINK
68,0.0005426432846916341,0.0028474857390260633,0.009707924713340067,0.06999082538536434,0.8489123849323372,0.0020336825437073567,0.002824168675451225,0.012864028354732925,2020-12-06,5766,9019,LINK
69,0.0004931176566647824,0.002708031987013034,0.007073920083706541,0.06231904188441533,0.8467503986306872,0.0010981427585586127,0.0026746475067087085,0.012562131162577882,2020-12-07,6063,9062,LINK
70,0.0005032011520199189,0.002528711916461317,0.008803184748980241,0.06771141952004993,0.8447322538266927,0.002094190528945613,0.002646887978986,0.012374205616871886,2020-12-08,6246,9814,LINK
71,0.0004758363681452335,0.0025074342718356944,0.007213164317534769,0.06157573225770735,0.8421156716170439,0.0014007793339318336,0.0026873038511748613,0.011892518643083416,2020-12-09,6728,10768,LINK
72,0.0005182232896673212,0.0024702056702118145,0.00889761918281543,0.0734505944135813,0.851363068146416,0.001954936655355822,0.002666153941315132,0.012728287849530423,2020-12-10,5914,9061,LINK
73,0.0004430204525659192,0.0023320292993726246,0.0075286759915934335,0.06098226551445307,0.8510148931411889,0.001656750476706505,0.002400312982416623,0.011926119113383364,2020-12-11,6758,10115,LINK
74,0.0005453404367607665,0.00234145001916619,0.00708536847223659,0.05818358013777508,0.8520161870516835,0.0023881050766233715,0.0026556965493897498,0.0129150541122137,2020-12-12,5753,9023,LINK
75,0.0004838701194423059,0.002596367313163677,0.00637070928687673,0.05733081757170108,0.8556847887113291,0.0011069301866803054,0.002370612583877438,0.012265164096531205,2020-12-13,6409,9936,LINK
76,0.0005946884880891634,0.002619942510754942,0.009098622024713995,0.06978772679957432,0.8453113029400883,0.003203110028198319,0.0027749101974329895,0.013632104901842688,2020-12-14,5168,7940,LINK
77,0.0005423816120640148,0.002441626903175764,0.006323289823969382,0.0592289383885988,0.845502349356026,0.0015954063069036665,0.002628989169698971,0.01327165239245741,2020-12-15,5464,8095,LINK
78,0.0004624114269730556,0.0021869973724472297,0.006869455459971959,0.05756623292918624,0.8448956826543885,0.00184089778318315,0.002614171862065257,0.01207050515986899,2020-12-16,6557,9939,LINK
79,0.00038031215167144206,0.002002559035901314,0.006220671222513721,0.0565125146150192,0.8531130250137893,0.0016356456833398095,0.0019235063974882278,0.011044951799731237,2020-12-17,7957,12038,LINK
80,0.0004248652965722469,0.0019124843855346902,0.004859194294338614,0.04806665762523316,0.8639351676504297,0.0018426895897251628,0.0021349904135587066,0.01193461851738537,2020-12-18,6804,9833,LINK
81,0.0004086557747029936,0.002195129562865306,0.004600534900570561,0.046588623883607946,0.860537145005388,0.0010621170346167082,0.0023045780560870337,0.011698494954603492,2020-12-19,7035,10111,LINK
82,0.0004900048714655637,0.0023816154711223964,0.0072986392406955165,0.06084342191887367,0.8502977122782739,0.0020286081197709214,0.0025290476551559273,0.012271462224812435,2020-12-20,6371,9943,LINK
83,0.0004796594485582013,0.0023428858784298816,0.00564037358572956,0.052947028864234406,0.8558129182044925,0.0014871162280701755,0.002128558277228146,0.012069126438633823,2020-12-21,6659,10633,LINK
84,0.00043772321626437126,0.002134860944976287,0.005978131626563592,0.054073141263636305,0.8559963474995913,0.0018272494049257771,0.0022566587564389956,0.011782744503740526,2020-12-22,6949,10567,LINK
85,0.000395933346276293,0.0024214360830444362,0.008984287441014828,0.06912849586041256,0.845418916860719,0.0027920734819384292,0.0020998206600870437,0.010433896392250131,2020-12-23,8829,15430,LINK
86,0.0003485375058324225,0.0025495658601181683,0.01084429904194812,0.0768102941335897,0.8304396449525017,0.0016198027064949908,0.0020525885434695334,0.009734329353746091,2020-12-24,10105,17793,LINK
87,0.0004672634358252079,0.002322290767894135,0.011835535981859565,0.08398826711692987,0.8541356519142133,0.0022924929951602924,0.0023826419510045633,0.011730695110020162,2020-12-25,6980,11381,LINK
88,0.0004030105028830525,0.0024387825717240783,0.01249494558528102,0.0822907008757446,0.8459308544400053,0.0024221554768489206,0.002365598962516866,0.010646014476071407,2020-12-26,8409,14247,LINK
89,0.00034365072145217494,0.0023549558326985283,0.009699838743255728,0.07400748112699365,0.8449978771607349,0.0015097996135363676,0.0018579096226105747,0.009772857344630483,2020-12-27,10106,17547,LINK
90,0.00037811894113670333,0.0022138086130884887,0.012023425954264895,0.08389442735115638,0.8595336196071547,0.002077930524279106,0.0022334432236214958,0.01080118631160843,2020-12-28,8221,12776,LINK
91,0.00034304243602501595,0.0020896437937794805,0.012761205312075299,0.08342951323909238,0.8565488252793725,0.0020158752140195385,0.0019308569460740443,0.010183607214149718,2020-12-29,9309,14862,LINK
92,0.00035267776883861134,0.0019896016905122486,0.011005373071939335,0.07495435411535152,0.8452387579836889,0.0018610510190678602,0.001829595906980548,0.010446920193861502,2020-12-30,8891,13938,LINK
93,0.00033110045306483703,0.0020378995288247268,0.007472697651660969,0.06273938871665455,0.8619752621367396,0.0008860494915439071,0.001840922447111926,0.010377124579081373,2020-12-31,9004,13420,LINK
94,0.0003682875347424116,0.0022842272913683476,0.009009640411581183,0.07441366067598965,0.848365427008987,0.0014252846565704555,0.0020623617434138855,0.010547968052640277,2021-01-01,8658,13802,LINK
95,0.00030864884694181433,0.0018482365321610965,0.005368045071116274,0.05259809340030851,0.8504501230659286,0.0007515865762547214,0.0019811476582880893,0.009930116092334995,2021-01-02,9754,14681,LINK
96,0.0002733874551258889,0.0017404795327816127,0.006909486125132358,0.06431632946650154,0.8572855860963261,0.001148175609912083,0.0012681870151297374,0.0093120984412372,2021-01-03,11323,17524,LINK
97,0.00027392461598731903,0.0018228015611097864,0.008384977591665935,0.06067060780666681,0.842026814717311,0.0016969049441435456,0.0015153696196446712,0.009163100250545736,2021-01-04,11594,18409,LINK
98,0.00028167250823287246,0.0018044420922020963,0.007888828197514703,0.0644368122629593,0.8560547926545423,0.0012966955670749422,0.0017667670342192679,0.009429575981289143,2021-01-05,10866,16627,LINK
99,0.0002179437314304581,0.001725577202145488,0.008322057751283689,0.06890641582920407,0.84978682231082,0.0009729108214217274,0.001733273869226035,0.008162039590200246,2021-01-06,14364,22482,LINK
100,0.00022706598171288536,0.0014691192901998117,0.009331599347839167,0.075237790866182,0.8618709499811397,0.0012520705488935282,0.0016564987919718607,0.008644832967385002,2021-01-07,12908,18915,LINK
101,0.0002519393925957033,0.0014766854703550459,0.00595918677046412,0.0521573943596782,0.862731266061425,0.001872906141983515,0.0015925581345345773,0.009110803529084369,2021-01-08,11691,17216,LINK
102,0.0002696584478247322,0.00164356045017047,0.00860342056775388,0.0702126352759225,0.860330037572677,0.0016017332765891593,0.001846656743030215,0.009257441895705848,2021-01-09,11223,16981,LINK
103,0.00025808721911700324,0.0017783616960503046,0.01054045802874647,0.08556379729523102,0.861920573800624,0.0014846780243030877,0.0015593393765389394,0.008877850638073696,2021-01-10,12309,19550,LINK
104,0.0003528057856583021,0.0020304044089843663,0.005947076769705797,0.05594796141204887,0.8460064513745159,0.0017042062129058364,0.0015652644030776936,0.010028895707660336,2021-01-11,9707,16620,LINK
105,0.00030171428406807003,0.001824154211260705,0.005961490497894991,0.05693040288760509,0.8510204187346538,0.0011393508800258355,0.0019348761162492204,0.010116590177224018,2021-01-12,9427,13405,LINK
106,0.00047202410624470523,0.003904765415531176,0.006972714443388253,0.06150885311071221,0.8478129898805323,0.002234176353109538,0.002201819815462859,0.010331199574897972,2021-01-13,8963,18958,LINK
107,0.00032237451525450367,0.001895790231418598,0.009843398900525291,0.0768258416281125,0.854676360149598,0.0027839176535649044,0.0018279014644397257,0.009834555299296532,2021-01-14,9995,16101,LINK
108,0.00020697632681651324,0.0017981392878850962,0.008711402427893191,0.07339186672606285,0.8510979697319851,0.0014256038450572279,0.0013548724691534648,0.007597829968892196,2021-01-15,16790,29172,LINK
109,0.00020333148240698134,0.0017920905568461001,0.010281241182214976,0.07632928431091798,0.8458813776408286,0.001471919932604052,0.0014485286298578867,0.007586387420906996,2021-01-16,16765,28573,LINK
110,0.000265842034871972,0.002073058271938175,0.008357265752319033,0.06863672337831817,0.8506907557988201,0.001925240784135603,0.00173874264909174,0.008554790397459341,2021-01-17,13123,22889,LINK
111,0.00026115760991925836,0.0017884673844168664,0.008770622615499319,0.0708069626870542,0.8479150059062355,0.0019302306238402126,0.0015712883655085803,0.008854988836948087,2021-01-18,12365,19963,LINK
112,0.0002658495648252531,0.0017628420784437404,0.007543770547174185,0.06339464412188134,0.8530741559653516,0.00153713557751532,0.0016871712009155037,0.009095768955856962,2021-01-19,11686,18151,LINK
113,0.0002960463365431824,0.0016700056755839705,0.007856425183646749,0.06619444788357103,0.8521985505228377,0.0019082437645106037,0.0018363294940227594,0.009603638168079198,2021-01-20,10461,16197,LINK
114,0.0003148453968126414,0.0017958497352694664,0.006977576040465878,0.060959221455381206,0.8549186777051455,0.0020187093454367934,0.001687998419880664,0.009824176716902092,2021-01-21,10065,15946,LINK
115,0.0003239890935979169,0.0020042334327186255,0.00821268343601762,0.06671021136066888,0.8398379518343639,0.0017596716235330097,0.0017511140671040766,0.009500090302799203,2021-01-22,10717,18604,LINK
116,0.000241801891241854,0.0018321460512675373,0.009907154615920427,0.0762208747525868,0.845250415569139,0.0014308262812589142,0.0016674579148324722,0.008291262097767262,2021-01-23,13982,23634,LINK
117,0.0002669435193022135,0.0018438153982632975,0.008721158095936946,0.07156364729042262,0.8540310096822699,0.001371774680732633,0.0017399695451771945,0.009015268518997517,2021-01-24,11863,18782,LINK
118,0.0002996799807831711,0.0018116042730420099,0.006765154275518796,0.06182353505819592,0.8506639313132203,0.001487913172175629,0.0016638446019354768,0.009446488801945782,2021-01-25,10870,17703,LINK
119,0.0003323801235028039,0.001818388547009815,0.007165967919659691,0.06571611384279767,0.8529908176283046,0.0018000391312854628,0.0019166086693957632,0.01003817064321519,2021-01-26,9576,15238,LINK
120,0.0003431698167771893,0.0016899780374461334,0.0055299473484932546,0.053433157247756984,0.8559027089387998,0.001837252229716908,0.00194735693018595,0.01031269471651476,2021-01-27,9080,14145,LINK
121,0.00027001875407608485,0.0016121883238282176,0.006474024163933378,0.05842483605347663,0.8672658922964586,0.001845938701783009,0.0015217358990071124,0.00903666330026677,2021-01-28,11909,19146,LINK
122,0.0002028366450159861,0.0011107971278549215,0.003954719950115128,0.04535508133556293,0.8714582284981807,0.0013998403307122782,0.0012606475876536039,0.008361874879242902,2021-01-29,13985,19834,LINK
123,0.0002262887266348287,0.0011985886439381899,0.005271598972384259,0.053138992025405375,0.8690304133104799,0.001315297198709255,0.001405892481267896,0.008877968780278238,2021-01-30,12378,17334,LINK
124,0.0002443589935699974,0.0012809560206044391,0.003655826644017352,0.042873363881120966,0.8700486412906688,0.0010210779665961636,0.001501716052651993,0.009177141273605595,2021-01-31,11565,16340,LINK
125,0.00024363117710282818,0.0012604944424056462,0.005324559743155066,0.05031870571487546,0.8682990071454153,0.0022453130811297276,0.0012554257586925566,0.0091926336939255,2021-02-01,11618,16441,LINK
126,0.0002575167269424653,0.0013495410415131483,0.006233851072007803,0.06205739058144375,0.8647445644941604,0.001892761661817505,0.0013402237798955214,0.009338694019376566,2021-02-02,11236,16254,LINK
127,0.00024232987510250343,0.0013666981379225904,0.00538044984578001,0.05254399265381684,0.8715746959135092,0.0017320356006013424,0.0013563438568882378,0.009046280101964378,2021-02-03,11952,17307,LINK
128,0.00023482053694919494,0.0012487653140157242,0.003732561715608535,0.042540640185540046,0.8668489426970759,0.001206968177189743,0.001345039853568458,0.009008370051251748,2021-02-04,12055,17061,LINK
129,0.00022009937255546908,0.0012983010448813798,0.004208121758493797,0.044895130890148426,0.8694080641796919,0.0011771860118252751,0.001399004584626924,0.008656224698426192,2021-02-05,13007,18617,LINK
130,0.0002220689194481117,0.0012013436456715621,0.0036387840655179964,0.04439472296407229,0.8718501428845462,0.0009987952802607226,0.0013074564529357855,0.008852168251586513,2021-02-06,12490,17320,LINK
131,0.000226600919947251,0.0012385351697710234,0.004060535932009549,0.04333620847156186,0.8703280918367001,0.0008128720940902148,0.0012902033525430063,0.009047072301643725,2021-02-07,11975,16246,LINK
132,0.000242372333784834,0.0012449114180585906,0.004976219478127556,0.051585280165402474,0.8725972198631541,0.0012227847065543987,0.0012808757864140319,0.009245669606658386,2021-02-08,11479,15967,LINK
133,0.00022000723136273115,0.0012105397556216506,0.0031370708022972946,0.04028870965710969,0.8815391263612082,0.0007910297229418396,0.0013208108611736805,0.00888992474759066,2021-02-09,12381,16861,LINK
134,0.00019629945833603897,0.0010995851243127033,0.003183802520318634,0.03779872983681793,0.8728498954954412,0.0007303264477392101,0.0011805354910542818,0.00846256002865775,2021-02-10,13698,18415,LINK
135,0.00019488241620050655,0.001031339995708589,0.0033556822368050816,0.040055442260673514,0.8800225244901119,0.0006269143887073638,0.0012571023387259869,0.008508204570159975,2021-02-11,13520,17810,LINK
136,0.00019111903672448848,0.0011643751082370567,0.00425194152993076,0.046288758059698516,0.8753605313931045,0.000688132964068035,0.0012842407018227302,0.008195958570017363,2021-02-12,14531,20176,LINK
137,0.0001829292825283258,0.0010870584360878578,0.004392076885155665,0.0488280080586233,0.877717408137947,0.0010423606440322461,0.001201282102401368,0.00797082715299138,2021-02-13,15391,21665,LINK
138,0.0001848053424077853,0.0011609328964144715,0.004926832026148495,0.05311900125711045,0.8758460938576563,0.0010033821319667758,0.001140460927135629,0.00797077721702942,2021-02-14,15425,21984,LINK
139,0.00021374329577235408,0.0012094608395130664,0.004421449672445791,0.050593232756118815,0.8929910737166146,0.0010014074153864001,0.0012777773360036497,0.00869992754501924,2021-02-15,12934,17877,LINK
140,0.0001598538234119627,0.0007802827571769337,0.0023603775615804205,0.033005007392173574,0.8953978565181817,0.0009105003565752628,0.0009352715930242066,0.007854904156069618,2021-02-16,15982,20414,LINK
141,0.00022964804209613115,0.001109939583198793,0.0038988125175969373,0.04455602239757713,0.8643792233191664,0.0008992902030897042,0.0012972961512672462,0.00905300476715068,2021-02-17,11957,16415,LINK
142,0.0001609114107711791,0.0007261150928885033,0.002857907773345175,0.0392329915010103,0.904751899410883,0.0007109038208334053,0.0009304449235295811,0.007920051891213415,2021-02-18,15726,19896,LINK
143,0.00021271793777069738,0.0010808340957634908,0.003107014133466365,0.04047633304538002,0.8823435348798317,0.0007667853456958474,0.0013198482730279344,0.008691925262311799,2021-02-19,12939,17805,LINK
144,0.00018212447189425678,0.0009436341047138712,0.0038247338939256526,0.04403034235030485,0.8694243149641921,0.0008534393606233119,0.0011116099390493,0.00818821893369102,2021-02-20,14646,19532,LINK
145,0.0002085137395300392,0.0011072175975655374,0.0035254762478317855,0.042347976464243355,0.8801424753815993,0.0005015861267965143,0.0011759278903412222,0.008832534729816141,2021-02-21,12596,16540,LINK
146,0.0002407453702472765,0.001228825416245817,0.004859715896401507,0.052224642809357326,0.8608846695985976,0.0011010450269466282,0.001177721860672303,0.009101124805888785,2021-02-22,11875,16973,LINK
147,0.000243747201299724,0.001406956770504602,0.005811556301942025,0.05354088037320038,0.868467353315303,0.0016542139021949178,0.0013559641826741268,0.008928268355507515,2021-02-23,12263,18326,LINK
148,0.0002569992266746811,0.0013484387216580293,0.003645199903317845,0.04490871583686866,0.870018165229422,0.0008242479869328012,0.0013851712390163676,0.009330859277308156,2021-02-24,11239,16230,LINK
149,0.00029407907397851736,0.001275129071954298,0.0028937431746951523,0.036588036644358175,0.8723555681728936,0.0009552309898678209,0.0015491117187589928,0.01014816154918371,2021-02-25,9490,13241,LINK
150,0.0002656758940121143,0.0012686404246806738,0.002750586036541445,0.037610675801645475,0.864087350799008,0.0005138143100457041,0.001274419051701002,0.00954898580698619,2021-02-26,10776,15424,LINK
151,0.00019121784321427085,0.0009162521218703006,0.002235921256698657,0.0349074195065641,0.8976968579739794,0.000634391639564046,0.0010293225453854313,0.008449167822054487,2021-02-27,13804,18217,LINK
152,0.00032719908781447343,0.0014405871056710402,0.004171953233364481,0.04717024865064176,0.8667861520754158,0.001502553562531141,0.0016933054534669161,0.010392167424157028,2021-02-28,9021,13312,LINK
153,0.0002705211022462125,0.0012088866193630755,0.002901266990540608,0.0400907526298597,0.8690865889755063,0.0007887911722698886,0.001518714623830264,0.009660383379528079,2021-03-01,10458,14792,LINK
154,0.00012633912103979675,0.0006235405680909154,0.0020401827583940153,0.030811375267884935,0.9118614910671556,0.000882813454299135,0.0007649771719089742,0.007042223578714527,2021-03-02,19930,25090,LINK
155,0.00011734394502833988,0.0018076024742807633,0.001755985306266617,0.029702350567011246,0.7886485952015237,3.395386262913921e-05,0.0006345879807253723,0.006504225313002534,2021-03-03,23416,32169,LINK
156,0.00019317153942078594,0.0014831231033762826,0.0019186253389585853,0.029506327109246895,0.826856669069395,0.00013888650576767493,0.0010786383349870824,0.008117668825311532,2021-03-04,14913,21479,LINK
157,0.0002857117332002263,0.0019358570466252653,0.004510228983775469,0.04855633829773812,0.8050711516795189,0.00040849918929043087,0.001328291759292768,0.009507517196982817,2021-03-05,10852,16822,LINK
158,0.00031566840052544285,0.0018701886657875011,0.004301653230351637,0.04730512143513459,0.8224511649716357,0.0005817926860081656,0.0015138168571838823,0.009971317736275501,2021-03-06,9832,15256,LINK
159,0.00023357273890228992,0.0014486240815521,0.0036425122900439,0.042650130949026005,0.8312447278807262,0.00040169891862651104,0.0010904210645070775,0.008871427995358344,2021-03-07,12518,18299,LINK
160,0.00030430499991868825,0.001617046356580177,0.004420636021473172,0.04850680931890011,0.8279297380221674,0.0005171282515133879,0.0017747412459342888,0.00941507579717317,2021-03-08,10895,18059,LINK
161,0.00023896932100203245,0.0013503659939618643,0.0026085070153271522,0.03479760037123704,0.8330568226345336,0.000315239276780085,0.0014228388238718965,0.009030640085650663,2021-03-09,11966,17107,LINK
162,0.00026269448745540374,0.0013585213522215665,0.0035426236800986666,0.0436031333568074,0.8422563159207703,0.0004290500967065297,0.0013040384337948702,0.00956081560718179,2021-03-10,10741,15152,LINK
163,0.00028128183006931193,0.0013994653037599772,0.002072506626253772,0.03031129642462892,0.8358520177472534,0.0003409865878608775,0.0015154624134605253,0.009906820254339822,2021-03-11,9957,13942,LINK
164,0.0002774999497724968,0.0013493698410476287,0.0029644983264468733,0.039932648209934606,0.8441542076216537,0.00039734199712464766,0.001491755125078929,0.009552022706272452,2021-03-12,10700,15884,LINK
165,0.0002749379761866306,0.001377828850691029,0.0028146141757768904,0.035397036938711254,0.8362151579839114,0.0006320078723787612,0.0014115132924045625,0.009747310194663085,2021-03-13,10310,14611,LINK
166,0.00029672204529802084,0.0013464320286304587,0.0032214433459623864,0.041100403120287225,0.8529886488998449,0.0007722739245313326,0.0014142489617710377,0.01033850567126576,2021-03-14,9185,12515,LINK
167,0.00031790780822693257,0.0014288460912664897,0.00414509549205773,0.04804341899525821,0.8357952438790888,0.0007444056785370548,0.0015237528288129514,0.010447996872700517,2021-03-15,8971,12791,LINK
168,0.0002950641289056666,0.0013397194248438965,0.003305084306731753,0.04247302700023225,0.8463994935422995,0.0006532674259085861,0.0013400548972625054,0.010187714891310916,2021-03-16,9472,13235,LINK
169,0.0002898671550681274,0.0014828923530476356,0.0030379033871386764,0.039862361756665916,0.841476510939166,0.0006152172653146747,0.0014604590238722465,0.00977554412515471,2021-03-17,10237,15187,LINK
170,0.0003088414805549886,0.001286746382624149,0.0023358172057768617,0.031711150322181914,0.8479770936073547,0.0008389102697783761,0.0014655406313448223,0.00982594400934232,2021-03-18,10133,15854,LINK
171,0.0002954299724367546,0.0014138666376551066,0.002226986428438092,0.03295611785303596,0.8450109566347568,0.00034225034225034227,0.0014329960942529082,0.010225268278892181,2021-03-19,9381,12998,LINK
172,0.0003119155199992975,0.001361922797128387,0.001910649040448934,0.027778241553399,0.8473942502552031,0.0005062111302167869,0.0014127478758896247,0.010382558083697807,2021-03-20,9109,12939,LINK
173,0.00032772127152817126,0.001668303040813417,0.002179827346632538,0.03169672664638563,0.8547728739928839,0.00039502578994539015,0.001505573955827369,0.010781021786633132,2021-03-21,8440,11671,LINK
174,0.0003577452934477196,0.0014309962385318528,0.001718655549937983,0.02687290782350141,0.8518942919837942,0.0005778202016139311,0.0015611306596762494,0.011241829763605602,2021-03-22,7764,10781,LINK
175,0.0003318438825837299,0.0014293409160759522,0.0032169761623289782,0.04129217864757209,0.8401262813801992,0.0006584304740494295,0.0015899606112638072,0.010660967710800854,2021-03-23,8608,12293,LINK
176,0.00034248354586810943,0.0014993474678918982,0.0026219201801685505,0.03447007878632909,0.8427736654166518,0.0007253752377618835,0.0017234669097927213,0.010802952917461164,2021-03-24,8357,11958,LINK
177,0.0004013824484067436,0.0015768617305615274,0.0025835745856616914,0.03488384562898339,0.8578949337837601,0.00028008127848865944,0.0015941067921126156,0.010925435152823933,2021-03-25,8204,13506,LINK
178,0.00035374795963221734,0.001574094937219129,0.0028441298225004613,0.0364576463150101,0.8522641954139545,0.0006634044210731328,0.0016257194305705784,0.010905158509583958,2021-03-26,8227,11970,LINK
179,0.00039626548844979117,0.0015618046217090284,0.004002393928749831,0.05222995235124837,0.8489208178485217,0.0007659098124830207,0.0019817746674727307,0.011671597504545689,2021-03-27,7136,10088,LINK
180,0.0004354202350772621,0.0016406645204015287,0.003947505823882403,0.04386999755700337,0.8463942113232445,0.000981927851682136,0.0020296053588292084,0.012202551370951555,2021-03-28,6536,9299,LINK
181,0.0004007497095342312,0.0016376864972386027,0.005058454928394483,0.05045520351843417,0.8451159924195774,0.0012455210881161041,0.0017396697102473094,0.011569223716898204,2021-03-29,7307,10697,LINK
182,0.0003690232087344241,0.0015309384443575593,0.0024801142299907585,0.03269284065115569,0.8491383977816037,0.0008015310879557686,0.001788594993334761,0.011100575382923607,2021-03-30,7911,11546,LINK
183,0.000365517554530505,0.0014682850554223136,0.003783776932252787,0.04381025522613495,0.8480099516287422,0.0009961157211677454,0.0016066319868312143,0.011200864978314717,2021-03-31,7811,11149,LINK
184,0.0003679153071451765,0.001480503299988489,0.0030751762293500765,0.04013148614826072,0.845111296463868,0.0007493238122447723,0.0015836197034405693,0.01039942605817743,2021-04-01,9038,15025,LINK
185,0.00031941037797682194,0.00147592799501503,0.0027979687758336647,0.03643085880948793,0.8548796407839283,0.0003657816917321958,0.0015612686103721753,0.010412234414317415,2021-04-02,9022,12998,LINK
186,0.00036124702221637786,0.0014798816689876038,0.004454062798177343,0.04530921166226876,0.851040300167549,0.0012702766198075736,0.001775709664623459,0.010906263901433698,2021-04-03,8191,12117,LINK
187,0.0003641170970039732,0.0013848263036165666,0.0028464690059064276,0.03852171042929205,0.8568299465769904,0.000599184715878395,0.0016752951248578723,0.011303024717074459,2021-04-04,7660,10681,LINK
188,0.00031480869721162657,0.0013738791679345872,0.002922740724087106,0.0391304412976229,0.8555027682578238,0.0006131028845030947,0.0016205861758594499,0.010396675369530286,2021-04-05,9033,12842,LINK
189,0.0002879081763700353,0.0014831015810276864,0.003246473347086028,0.03883306898051696,0.8443268139330646,0.0008742252179006355,0.0015640692262564014,0.009622964936961485,2021-04-06,10522,15936,LINK
190,0.0003512384403418631,0.0016794639208659518,0.0041166884352498,0.04341388838131209,0.8291183091358191,0.0011413570735604635,0.0018404500144779473,0.010490113753866425,2021-04-07,8817,13651,LINK
191,0.0004107757566796202,0.001516407244630104,0.003099432628480736,0.04069846552631042,0.8417051081406558,0.000386692855389148,0.001768491438126345,0.010857876418654346,2021-04-08,8264,14025,LINK
192,0.00034576222873563335,0.001449022034439367,0.0034382480230304734,0.0440796077184493,0.8493086665304773,0.0007976829210388871,0.0016761807436733824,0.01088060238290663,2021-04-09,8252,11771,LINK
193,0.00031413006828588967,0.001297434086636442,0.00334665170635655,0.040402116725674994,0.8526948144943012,0.0010547958817099922,0.0015281617376111578,0.010527346878391713,2021-04-10,8838,12267,LINK
194,0.00026341791730734066,0.0011449493652130925,0.001937299420263394,0.030930369623883274,0.8738336657305643,0.0006075949367088608,0.0013834867384628939,0.009587993985599156,2021-04-11,10657,14957,LINK
195,0.0002227382552574341,0.0009323317693395344,0.003262386358482633,0.042349523372979786,0.8826229723192256,0.0009182490520991556,0.0013978828403356297,0.009003763777642797,2021-04-12,12046,16159,LINK
196,0.0002617516802030688,0.001322882273435756,0.004398516308674669,0.0480406716744149,0.8383956826348674,0.0011549844798960515,0.0016375546757793258,0.00977891787566293,2021-04-13,10173,13543,LINK
197,0.0002205140465377518,0.0013497272140466675,0.004316439454682,0.050190064397767284,0.8414023952437398,0.0010331221905121282,0.0014793910884424838,0.008695983731204246,2021-04-14,12853,18213,LINK
198,0.0002941047513852999,0.0016622495502384663,0.005923374048419085,0.057808552612137874,0.8553708404069023,0.0010839234694444754,0.0018212407292913422,0.009499310130406582,2021-04-15,10690,16803,LINK
199,0.0002028440057520054,0.0011611916864211827,0.0039976153941287795,0.046979633824579606,0.8498013867696598,0.0008405930851211688,0.001244618122043479,0.008682154173913893,2021-04-16,13000,17139,LINK
200,0.00023572651906355113,0.0012337565631567217,0.0019629470130020357,0.03178932839280897,0.8449214954272694,0.00041537822495038535,0.0015008802077800159,0.009363936209992275,2021-04-17,11120,14573,LINK
201,0.0002578721509897841,0.001627056404374248,0.00533792400170098,0.05524925760015804,0.8218386545356886,0.0011790989921428182,0.0016498198230813727,0.009120369161687441,2021-04-18,11642,17474,LINK
202,0.0002459203027668724,0.0014740229444112607,0.004545012421646401,0.04743908354858511,0.8466444347627405,0.0010460497278210975,0.0014647000312772798,0.009243546367731593,2021-04-19,11418,16029,LINK
203,0.00025062649993254447,0.0013673329778365845,0.0037778226386821975,0.041287476975908365,0.8606065563859492,0.0014384417241833057,0.0013667771692593583,0.009600507062005124,2021-04-20,10635,14172,LINK
204,0.00023753033538758355,0.0012036140454618814,0.003123601989344707,0.03916449849986614,0.8547498520067474,0.0006736386060964294,0.001533963269727011,0.009596989042295221,2021-04-21,10588,13313,LINK
205,0.0002763955667355019,0.0013686167381628902,0.0036744626668283997,0.043606824783538195,0.8419423541063353,0.0006633415922349592,0.0014645591049209533,0.009231557014644908,2021-04-22,11447,18107,LINK
206,0.00024195647666814252,0.001384030434324658,0.004166339043764624,0.04556890422083453,0.8415401595862516,0.0011103770506156823,0.0014566781988090698,0.009133916174078976,2021-04-23,11690,16531,LINK
207,0.00026222770383269354,0.0012709461537896932,0.0027783656349977285,0.036138113704595985,0.8587292934974974,0.0009785983878218868,0.00156714877086759,0.010018032903214793,2021-04-24,9727,12404,LINK
208,0.00030483982657027853,0.0014639010506805328,0.003701061948558876,0.043214023129663395,0.8611667179667345,0.0012971068645243943,0.0019667550336918546,0.010703209901356052,2021-04-25,8445,10869,LINK
209,0.00026758274584436575,0.0013871997700607584,0.0038713980564026376,0.04414989220006471,0.839471713642448,0.001002784266931088,0.0015947141624140452,0.00994728907924933,2021-04-26,9854,12990,LINK
210,0.00025928478815148335,0.0012374972474101878,0.003243571520042813,0.03826546638336368,0.8491918542587431,0.0008414431439626454,0.0016301308691464215,0.009929651219282831,2021-04-27,9877,12646,LINK
211,0.00027156601089534213,0.0013165658375645815,0.004590336414923447,0.04920476424007566,0.8540153231407001,0.0010948185389272592,0.0016212987250811257,0.010146752403610867,2021-04-28,9472,12181,LINK
212,0.00028427018272531604,0.0016478605887004685,0.0029302056097586454,0.0389172041360491,0.8420411581446369,0.0002687013457267682,0.0015903979387701184,0.009531058694276078,2021-04-29,10711,16305,LINK
213,0.0002919380651309991,0.00313077275906873,0.005092869050092886,0.048990826121518345,0.7940882041372197,0.00016149033064411154,0.004123426350924252,0.009396970922396013,2021-04-30,9497,13164,LINK
214,0.00031333798469202357,0.003519884601018058,0.004757980661510707,0.05130149677729586,0.7880588798612381,0.00017083734208557473,0.002728850600249716,0.010151344203552844,2021-05-01,9051,12833,LINK
215,0.00029019080733888055,0.0027750478690594643,0.00443009029344011,0.04962492256995384,0.824633927154656,0.00024072239921924736,0.002083012114036029,0.01013769448252649,2021-05-02,9337,12648,LINK
216,0.00030340458842232075,0.00361296455043989,0.0068774205138933345,0.060678668270713075,0.7721082584149611,0.00018696679655334002,0.004462499918180034,0.009259997705615577,2021-05-03,9465,13589,LINK
217,0.000250381316521701,0.0030260404829434624,0.007594265976642548,0.06476882410184694,0.7870067496778376,0.00023510320397379826,0.0021647271629098414,0.008579976297489671,2021-05-04,12772,20420,LINK
218,0.00018718113200622634,0.002310911230575012,0.008061484636456704,0.06674445194698785,0.8173107214146436,0.00021624337384848385,0.0015259311673617678,0.007555733068134507,2021-05-05,16831,26511,LINK
219,0.00028497446272913833,0.0030436073640008813,0.0065113028135750295,0.05691115687274978,0.798715461461875,0.0001605936015345611,0.004038306754485614,0.008211502925059509,2021-05-06,11943,20322,LINK
220,0.000290343733198174,0.0035084669059578244,0.007083791576118678,0.05917871402549737,0.7722034575822192,0.00018358277456259164,0.004332561027334432,0.008472444624009949,2021-05-07,11044,17705,LINK
221,0.0003859544995321442,0.00478784728199405,0.006075805963993952,0.05359266448858969,0.7568703955289758,0.0001310470260267336,0.005622862315418643,0.009986667555046184,2021-05-08,7614,11186,LINK
222,0.00032523584005713936,0.003741238881044376,0.0070123478185680965,0.06051702542913699,0.7693081910618064,0.00014631317071145468,0.004896969133326965,0.009149737863308288,2021-05-09,9286,14021,LINK
223,0.0002799159432224671,0.003251514935319452,0.006795276370160307,0.05612168790882223,0.7833795099855376,0.00022040015633352703,0.004480059050198447,0.00869445033829426,2021-05-10,10454,15294,LINK
224,0.0003867970261811627,0.004475467782278658,0.008105479708338564,0.06359313110133276,0.7646143798147111,0.0001983265508637018,0.0060995466336378696,0.01012586810689022,2021-05-11,7157,9905,LINK
225,0.00037743415574024693,0.003818993778750689,0.0058984855033320386,0.049940934897546016,0.7937177408788519,0.0001589420271773776,0.004426845618217412,0.009731370662282544,2021-05-12,8750,14447,LINK
226,0.00023383738094232654,0.003214521896733296,0.004925092494698357,0.050900053620295385,0.7990566589433326,0.00011794232089236647,0.003564743612075291,0.008628155078927065,2021-05-13,11475,15394,LINK
227,0.00030387421580356527,0.003518554889966487,0.0036342691920890637,0.0418791591104418,0.797444109439938,9.900113410210055e-05,0.0044908712671874506,0.00976985395823172,2021-05-14,8650,11367,LINK
228,0.0003674683391222026,0.003940040337562588,0.00548818717642868,0.050051205535665964,0.7799020809957684,0.0002443529736884209,0.0049011021550105,0.010140582263929913,2021-05-15,7884,11419,LINK
229,0.00032597467179299014,0.0033801776387008386,0.00598251024403887,0.052339286047158116,0.7949614619007052,0.00024641042589890915,0.004622910590824809,0.009832395019204476,2021-05-16,8472,11697,LINK
230,0.00024762384859249086,0.0033672011494403882,0.005253018248722259,0.050951579814194396,0.7825408207456412,0.00011804191888118072,0.0036333712885746267,0.008719824727517724,2021-05-17,11207,15549,LINK
231,0.0003041571145600612,0.0036804968620069924,0.006637006350376456,0.05856212718601001,0.782256714801297,0.00020135178230902903,0.0023986337781119163,0.0098317347881019,2021-05-18,9765,14500,LINK
232,0.0003797985412420906,0.0031307288899303396,0.010153344559739973,0.07405183642341234,0.786547194363531,0.000502492807018645,0.0016387748270964952,0.009663107079598684,2021-05-19,10411,20581,LINK
233,0.0003253820994483012,0.0035038110916271984,0.007723121812583425,0.061280823416146206,0.7637758732568051,0.00026896682605947217,0.003752807848000825,0.00904137270861718,2021-05-20,10436,17717,LINK
234,0.0003814242361960427,0.003886373069410526,0.008097096910880227,0.06270749000940806,0.7690889782732642,0.00028970471166333834,0.0023588617382487203,0.010382724692717631,2021-05-21,8822,14841,LINK
235,0.0003547297970562014,0.0052468498264614674,0.00541793485747165,0.05776299247782974,0.7939979785493819,0.000151026367858654,0.001832963518316668,0.009966463293773136,2021-05-22,9739,16821,LINK
236,0.00045745831679933947,0.006806985012894533,0.012073932092379721,0.08541328731502217,0.7670022965974188,0.0004566742614772262,0.0019089179043132265,0.009616745791598644,2021-05-23,10404,24756,LINK
237,0.0004136947287511736,0.00467700218631112,0.010170051800093734,0.07755338289018177,0.7569919113298846,0.0003194449000504551,0.0020082531319030976,0.01017260078217255,2021-05-24,9302,17896,LINK
238,0.0004664917010126783,0.004954636280997445,0.009028794651321228,0.06828643273931771,0.7500641954065843,0.00023672374339146217,0.005031781486615041,0.010319023219541406,2021-05-25,7588,13428,LINK
239,0.00039486791649460734,0.0038115992603513582,0.00816426971613123,0.0683976419565067,0.7861000457260369,0.0002093301496598027,0.0018836959548021279,0.009656954341703461,2021-05-26,10331,21070,LINK
240,0.0004582778683867526,0.0046371715520088265,0.012885460950488039,0.08587517329420301,0.760753165111122,0.0004067372270195935,0.002147714026575985,0.01093524113784365,2021-05-27,8053,14858,LINK
241,0.0005757266595127572,0.005522096796610635,0.01297128095385147,0.08349287289597573,0.7474107465227937,0.0004571744269471789,0.0021568507938836187,0.01198904805145432,2021-05-28,6740,13075,LINK
242,0.0006345367917545768,0.005401480479239531,0.01219063846152372,0.0825257243725997,0.7566310886707206,0.0005281679922457974,0.002782230567037977,0.012875503314792501,2021-05-29,5764,10539,LINK
243,0.0006824674301344865,0.005823202919000945,0.010076420840259394,0.07160258137442084,0.7724055554826925,0.0005334878911421252,0.002556712624558903,0.012876973809025744,2021-05-30,5803,11489,LINK
244,0.0006474778578439113,0.005332569496303307,0.011292802001387586,0.07947259416737837,0.7553246828114131,0.0006193459757946987,0.002555992967468929,0.012639006951014173,2021-05-31,6015,11711,LINK
245,0.0004662902352016634,0.004108874090221999,0.0064263963381838,0.057712566297933726,0.7841506569873152,0.0003152112662036563,0.0025886779879701815,0.011808154098564689,2021-06-01,6844,10919,LINK
246,0.0005767759651400034,0.004324158437929988,0.007095317377324211,0.06322517582975166,0.7612213853598946,0.00022058718886532795,0.004848761609592089,0.011047465601941689,2021-06-02,6871,13613,LINK
247,0.00037988845564427344,0.0038279063249154408,0.0074154115813534795,0.062369192649813644,0.7889509214212634,0.0002241937721375244,0.00474238362481781,0.010609848658656263,2021-06-03,7405,10414,LINK
248,0.0005205826322577843,0.0043008811118559155,0.01109538318191442,0.07403850025049712,0.7700374906036206,0.0006240675124153612,0.002414444945546855,0.01216617082726069,2021-06-04,6501,10999,LINK
249,0.0005678667985620411,0.004646900186489946,0.00845938833579038,0.06359030427669,0.7712371183624241,0.0004821286724257798,0.002970219396718499,0.012760118939679068,2021-06-05,5827,9639,LINK
250,0.0006106040906451233,0.004802882729033313,0.00775774178774089,0.061388037926939844,0.7752187725727848,0.0004508095788687184,0.0034958051978632664,0.013875411654701405,2021-06-06,4885,7284,LINK
251,0.0005514062521873587,0.00415113151387619,0.010819961155257797,0.07414734711155119,0.7693846450830244,0.0007082657733905886,0.002912028745736745,0.012740205385385114,2021-06-07,5856,9453,LINK
252,0.0004664952317907895,0.004144393531878482,0.011860458401158507,0.08186233021496293,0.7623687130236194,0.000569925410491897,0.002332187340576034,0.011293312283312047,2021-06-08,7521,13192,LINK
253,0.0006005479670797692,0.004860143871368128,0.01045866214321311,0.0774286386109,0.7427315637696295,0.00047031581061950025,0.0027636219256461816,0.012641566597587965,2021-06-09,5973,10711,LINK
254,0.0008071444201566675,0.004835259501692584,0.00836343230397777,0.06451496496159756,0.7385295658469085,0.00045397353587773594,0.0034842879858018065,0.0128356851148203,2021-06-10,5654,12899,LINK
255,0.0006227702992688139,0.005109786711458226,0.00994497515517404,0.0723989722667266,0.7391672961185632,0.0003929940015592988,0.005630264414345056,0.011969657621393005,2021-06-11,5716,10172,LINK
256,0.000731538602175481,0.005983193908049334,0.009903387046634671,0.07173933699250194,0.7368348492130758,0.0006323046650575585,0.002979008100985133,0.01361244081030388,2021-06-12,5151,9703,LINK
257,0.0007794835364567904,0.0059296021302077,0.013211808916948986,0.08409806046771477,0.7632487869567163,0.000972584257888739,0.002941248980633764,0.013853118486081898,2021-06-13,4987,9691,LINK
258,0.0006083589552361881,0.004841043521907882,0.008743408782322435,0.06436420027359434,0.7526058672795329,0.0005462644238465664,0.0034209100485649876,0.01263044921123935,2021-06-14,5841,10376,LINK
259,0.000662710694704876,0.0053464643635002095,0.008017999538949841,0.06268514482180118,0.7394463550231929,0.0005085939333872356,0.0025305967582379364,0.013081293534825235,2021-06-15,5634,10516,LINK
260,0.0008210482278952847,0.004826431880433055,0.008080999745814818,0.06299126737565372,0.7431738026738469,0.00046429844747674455,0.0025682931724333204,0.01324835306925784,2021-06-16,5492,12380,LINK
261,0.000591915836101996,0.004623000470769971,0.009202413860114686,0.06977606916342886,0.7705841378560001,0.00045487312072419264,0.005327609406730921,0.01255618608497772,2021-06-17,5376,8552,LINK
262,0.0007297902385193883,0.00555046731343018,0.012550218292654179,0.08515093774478193,0.748488367007414,0.0006386490499058615,0.0032944813055172098,0.013713862859948023,2021-06-18,5028,9223,LINK
263,0.0008554333788878644,0.0060540112444105116,0.012258038283762648,0.08465111285629186,0.7497025381044496,0.0008248722743585647,0.0039022321279569287,0.015010896579530171,2021-06-19,4158,7393,LINK
264,0.0008533176752523486,0.005998186205227239,0.017688356081260254,0.10204559158077497,0.7457749502663378,0.0012715881838969345,0.0033841607830261246,0.01424132757539801,2021-06-20,4668,9295,LINK
265,0.0006700305377283939,0.005602343464623742,0.01399848003550786,0.08882668759925241,0.7364135030826231,0.0008949659665999502,0.0030055645519813036,0.012368797561113217,2021-06-21,6173,12764,LINK
266,0.0005924066799890939,0.005405665141021915,0.015008881728794075,0.09246386118444694,0.7366981193452183,0.0008924134306211368,0.0023856045117517538,0.01170044478375771,2021-06-22,7014,14570,LINK
267,0.0007637576310147219,0.006517088884257589,0.011971672222335167,0.07857138731356712,0.7306595839866695,0.0008339713764061487,0.003110973082931271,0.013182285405185984,2021-06-23,5452,11349,LINK
268,0.0009016401042102833,0.006022527988511075,0.014309598767186694,0.10382993734956668,0.7419485032175602,0.0005782303679670261,0.002705324509745814,0.013216032266637959,2021-06-24,5496,13615,LINK
269,0.0008482830879795989,0.007352176466110281,0.011653845499520634,0.08059513927911373,0.7485311790104103,0.0006210361894724956,0.00303787403941771,0.01394698613471183,2021-06-25,4909,10219,LINK
270,0.0009887159099705182,0.008826762476175592,0.012670864882056314,0.08140488147173412,0.7325784560146579,0.0007771661192579914,0.0034820514634400696,0.014450546220849394,2021-06-26,4527,10129,LINK
271,0.0007486026893307265,0.005942246923482663,0.00869073153053521,0.06923574150431987,0.727109126088877,0.0006045062227022135,0.002948497890919784,0.013877782784948391,2021-06-27,4969,9240,LINK
272,0.0006621041779437663,0.005421995189009781,0.009180653012215378,0.06598123762576615,0.7284711575945879,0.0005983424740248973,0.0029171300972802056,0.013215104108637835,2021-06-28,5461,9871,LINK
273,0.000589697391345607,0.0049836640491788846,0.009837866844908269,0.0719315216446484,0.7550887336459351,0.0004576175979630595,0.002574275438182104,0.012876936279606817,2021-06-29,5800,9917,LINK
274,0.000532589512662398,0.005230703664327919,0.008062383419366425,0.06153320032413274,0.7637402357710286,0.00032227100086584397,0.0027136828784561674,0.012570042398661945,2021-06-30,6048,9739,LINK
275,0.000968477060943695,0.00538616513857766,0.009617464825717181,0.06910236185966176,0.7218793564290841,0.0006703269575840128,0.0031907326215920746,0.013980397486799261,2021-07-01,4864,11454,LINK
276,0.0006418858024073812,0.004903079815344086,0.009514506132912,0.07236569351894404,0.7573140764105921,0.0004397195631922263,0.0054959701775613755,0.012886397366579512,2021-07-02,5096,8333,LINK
277,0.0008081825826476132,0.006192017290306819,0.012291333698494927,0.08052870680274146,0.7477287030615024,0.000626978981096206,0.0035878723418012624,0.015087223622686372,2021-07-03,4159,6988,LINK
278,0.0007202921370900006,0.005112663215775894,0.01111695655339559,0.07661844020150556,0.7798108391370727,0.0009241068949743921,0.0030937248543773024,0.014235552112891467,2021-07-04,4713,7998,LINK
279,0.0008163493684998175,0.005459631605169156,0.011696021610422005,0.07877025112187405,0.7621325268633069,0.0012215391041695551,0.0036395111613374766,0.01512302052935421,2021-07-05,4134,6974,LINK
280,0.0007054611968784616,0.005228036755085007,0.012498635134286966,0.0765908302639664,0.7250608884230858,0.0008292609680853969,0.0028318731942225104,0.013903512129522512,2021-07-06,4968,8704,LINK
281,0.0006993001033697017,0.0050798894301874965,0.011204324374219853,0.07466194718448392,0.7549930898247997,0.0008446022036234561,0.0027977639732921474,0.014092971962032557,2021-07-07,4845,8206,LINK
282,0.0010263877738166383,0.005100467806512713,0.009479351427330468,0.06738678672799457,0.7205097958988605,0.0006681716668583222,0.0027777760066191996,0.014607342330021603,2021-07-08,4524,10501,LINK
283,0.0007411903302448746,0.005090133900254421,0.0077577081911103475,0.05958074366446294,0.774078887579249,0.0006624160368638331,0.0029549863251745264,0.015083271095304255,2021-07-09,4234,6642,LINK
284,0.0007827862078617577,0.005560008791156215,0.0071773918001405606,0.05910894974332325,0.7924977033213806,0.0006084481478425873,0.003135794410939762,0.015168640636715176,2021-07-10,4169,6801,LINK
285,0.0008128893763043486,0.005329063667936943,0.011869872260318737,0.0802892469874701,0.7824343272912465,0.0009333158540427056,0.003539175274168091,0.015846592376833484,2021-07-11,3794,5849,LINK
286,0.0008046568030484669,0.004946583483467635,0.008031073608582889,0.06745187185486176,0.760148358768802,0.0006235734520036504,0.0033954773921583184,0.015567252401335645,2021-07-12,3940,6244,LINK
287,0.0007858938508482889,0.005188085326574697,0.00878966853505028,0.06551774942595616,0.762635690140985,0.0008614183953321431,0.003941090301809649,0.015528597226542611,2021-07-13,3897,5966,LINK
288,0.0008048648292923787,0.005608209600810244,0.01200831286076024,0.07673422315868617,0.7582057398324754,0.0008427852404292084,0.005016484289805565,0.014936224511917395,2021-07-14,4029,6531,LINK
289,0.0010012463368673156,0.005301993869605577,0.010796802281495729,0.0748626325311594,0.7176819823565592,0.0005780305788317089,0.003268619529459448,0.0142763457922067,2021-07-15,4663,10883,LINK
290,0.0007396679399118535,0.005265489695827781,0.009002345765801972,0.06803231361633492,0.751406943671252,0.000545843194136957,0.006081176552500999,0.013845100263055497,2021-07-16,4374,7074,LINK
291,0.0008772822688028871,0.005973121154688132,0.009411328873160048,0.07088438543492058,0.7538470948290855,0.0008578694200189956,0.0037747164151786528,0.015794329319162317,2021-07-17,3793,6309,LINK
292,0.000998907080425497,0.005847367323101287,0.0069964907654460964,0.056339554771623855,0.7638409383601427,0.000950344499881207,0.004142816743822405,0.017171027775813637,2021-07-18,3206,5132,LINK
293,0.0007111842192091585,0.004762037192278396,0.010792237011909778,0.07731473995166457,0.7599709104622335,0.0007340336217983518,0.003305986590295952,0.014583607385554634,2021-07-19,4473,7113,LINK
294,0.0005768768016514392,0.004629327957848626,0.011168248853051652,0.08055383349833879,0.762702064177152,0.0006057117037461806,0.002636383104412819,0.012784172943009391,2021-07-20,5870,9937,LINK
295,0.0007244521595447057,0.005414583641861816,0.008499376609013872,0.06634454118165749,0.7521558291944133,0.0007233302367234964,0.0031446658641550306,0.01385665615304289,2021-07-21,4954,8888,LINK
296,0.0010338266873717956,0.005485336963328074,0.009861253541036777,0.07217014547013662,0.7377701903729442,0.0006149171207018254,0.005004906950532605,0.014576510135298006,2021-07-22,4211,9164,LINK
297,0.0009087449457870096,0.005873582328307037,0.008292466065047492,0.06519314079172281,0.7829200945683367,0.0006601854599943537,0.0033121956673401514,0.015330659512278215,2021-07-23,4066,7510,LINK
298,0.0009086187930038282,0.006606253176017619,0.0114120156227971,0.08116587960189363,0.7414385707912213,0.0008938160120367223,0.0038614466556026413,0.01569453262745002,2021-07-24,3829,6659,LINK
299,0.0010614187922706074,0.007087731951667239,0.010453498118401067,0.07688105931370615,0.756519760831759,0.0008832175187206156,0.003953296440178829,0.016826817888210555,2021-07-25,3348,5947,LINK
300,0.0007275446140678918,0.006042529873391413,0.013022929202481099,0.08422633812805969,0.7437915115189944,0.001010720715432668,0.003052436970985651,0.013199792269260309,2021-07-26,5449,10799,LINK
301,0.0007970309511617825,0.005531174239711279,0.011635167124570597,0.07885376679858683,0.7618988229128328,0.0009508504084639078,0.0034006798910753743,0.014690433172510729,2021-07-27,4399,7710,LINK
302,0.0008045787194283643,0.0060790204362579665,0.01061109847985906,0.07464168954002914,0.7588802181712277,0.0009282286368243965,0.0031800944966554373,0.014580874317888364,2021-07-28,4491,8112,LINK
303,0.0010087532291148036,0.005062217415558997,0.007739961946192467,0.06306648855967034,0.7098260736102409,0.00043363593064668627,0.006918924423890677,0.013179528577017825,2021-07-29,4514,10275,LINK
304,0.0007163507387559783,0.005971571430982227,0.013795591420322967,0.08302555152662809,0.7539549553799215,0.0010665500151075796,0.002862865471361226,0.013018661932282136,2021-07-30,5629,11347,LINK
305,0.0007645789942721035,0.006292931350012116,0.010135749537990839,0.06925552063383454,0.7521171739834734,0.000699755458792334,0.003432537865706698,0.013886676595446538,2021-07-31,4888,9132,LINK
306,0.0007339729929047958,0.0055386100545576035,0.011386203991693936,0.07778824923314448,0.7605352200225287,0.0007712340863111538,0.003128666469170821,0.014033856816322996,2021-08-01,4838,8588,LINK
307,0.0006355697254843707,0.004883276735034882,0.011352776025464114,0.08031593609913158,0.772800060303458,0.0006788880037749826,0.002694332747774074,0.013466524209419678,2021-08-02,5303,8935,LINK
