,Components_cnt,time,token,Degree mean,Degree std,Top10Degree mean,Top10Degree std,Top10 Degree mean ratio
0,6,2020-10-10,AAVE,2.930131004366812,14.819539130032384,62.0,84.61415694525093,21.159463487332342
1,7,2020-10-11,AAVE,2.947089947089947,13.5616229671758,50.4,71.5249762126645,17.1016157989228
2,9,2020-10-12,AAVE,2.7549668874172184,13.59185412317031,55.8,77.78146023028594,20.254326923076924
3,12,2020-10-13,AAVE,2.7843866171003717,14.630074688027113,67.5,89.44675635383445,24.242323097463284
4,5,2020-10-14,AAVE,2.8225352112676054,15.437011531264195,84.8,105.40482805724687,30.043912175648703
5,43,2020-10-15,AAVE,2.511879049676026,13.375870543246025,91.2,97.07591531030411,36.30748065348237
6,17,2020-10-16,AAVE,2.6194690265486726,13.65999704287583,88.6,89.3932634797251,33.82364864864864
7,15,2020-10-17,AAVE,2.8298507462686566,14.13772756792489,83.2,86.61896122930848,29.40084388185654
8,21,2020-10-18,AAVE,2.6717325227963524,13.08426583797916,76.9,78.92816706066063,28.782821387940846
9,25,2020-10-19,AAVE,2.692828146143437,12.821860143766253,82.6,78.78691374700355,30.674070351758793
10,44,2020-10-20,AAVE,2.6242774566473988,12.610846034295129,91.4,79.3560191653902,34.82863436123348
11,21,2020-10-21,AAVE,2.7123947051744888,13.119940784401377,91.3,83.11043523195174,33.66029281277728
12,28,2020-10-22,AAVE,2.7116279069767444,13.243070264708523,94.4,84.51719088774517,34.81303602058319
13,22,2020-10-23,AAVE,2.6929716399506782,12.322144571358644,86.7,74.62506281404391,32.19491758241758
14,23,2020-10-24,AAVE,2.7037593984962407,12.169525475690033,72.7,72.84999809349497,26.8884872080089
15,22,2020-10-25,AAVE,2.7220447284345046,10.859070736135426,69.3,55.65978001313975,25.458802816901407
16,15,2020-10-26,AAVE,2.5955414012738856,9.819037875987933,66.5,44.9524440072197,25.62085889570552
17,24,2020-10-27,AAVE,2.5342465753424657,8.951873906041328,56.5,42.65429508137356,22.294594594594596
18,23,2020-10-28,AAVE,2.5676126878130217,9.294963185095384,58.5,46.15493232340156,22.783810143042913
19,22,2020-10-29,AAVE,2.5531197301854975,9.31039239967775,57.2,47.30233726900936,22.403963011889036
20,20,2020-10-30,AAVE,2.7649769585253456,10.505313049533376,70.3,52.047094059130714,25.425166666666666
21,28,2020-10-31,AAVE,2.6938110749185666,10.229697713285395,64.7,52.01506192120381,24.0180169286578
22,22,2020-11-01,AAVE,2.602272727272727,9.163130195337915,53.7,43.320639166311686,20.635807860262013
23,21,2020-11-02,AAVE,2.585635359116022,8.692551839536328,54.3,38.16062543163219,21.000641025641023
24,24,2020-11-03,AAVE,2.529980657640232,8.310447485107133,49.6,37.22066331727281,19.604892966360858
25,28,2020-11-04,AAVE,2.4150943396226414,7.705150972835681,43.5,34.118258389835134,18.01171875
26,32,2020-11-05,AAVE,2.464390243902439,12.343748031799702,86.4,94.81232924982794,35.059382422802855
27,48,2020-11-06,AAVE,2.4734982332155475,12.79720781282387,96.1,100.93501759933358,38.85185714285714
28,58,2020-11-07,AAVE,2.5788999098286745,11.72782284793774,90.0,86.90352249605434,34.8986013986014
29,54,2020-11-08,AAVE,2.574977817213842,11.869607380760518,95.3,85.02555171502532,37.01002756719504
30,53,2020-11-09,AAVE,2.6144578313253013,11.691088396595235,98.6,80.70687703039934,37.713364055299536
31,71,2020-11-10,AAVE,2.5506883604505632,14.802760709929952,135.7,132.92107098241087,53.201324828263
32,52,2020-11-11,AAVE,2.6666666666666665,12.9122109985256,107.5,98.77499683624394,40.3125
33,36,2020-11-12,AAVE,2.5942028985507246,9.463840186140933,66.8,55.97380339646991,25.74972067039106
34,46,2020-11-13,AAVE,2.6409495548961424,10.785884830309634,82.6,71.79941194435757,31.276629213483144
35,48,2020-11-14,AAVE,2.6729559748427674,10.224138786143135,79.2,61.23688068113493,29.630117647058825
36,61,2020-11-15,AAVE,2.668523676880223,11.256087281349233,89.2,77.5683211397826,33.42672233820459
37,51,2020-11-16,AAVE,2.6095581605049594,10.95790841970112,89.1,75.16714707902648,34.14371112646855
38,59,2020-11-17,AAVE,2.5380794701986753,11.14996250729797,93.3,80.24552600889623,36.7600782778865
39,63,2020-11-18,AAVE,2.572232645403377,10.525129244856984,83.3,70.46993054566684,32.384318016046684
40,57,2020-11-19,AAVE,2.609794628751975,11.211133601809651,101.4,75.2982219061129,38.85363196125908
41,47,2020-11-20,AAVE,2.5719091673675356,10.714975115340915,92.4,71.71889569701976,35.92661870503598
42,51,2020-11-21,AAVE,2.5614646904969485,10.625482916417672,87.4,73.57566022658429,34.1211027910143
43,44,2020-11-22,AAVE,2.540834845735027,10.263276438955977,84.3,67.05727237054738,33.17807142857143
44,46,2020-11-23,AAVE,2.5501022494887526,9.6892370824696,75.4,60.153876756938025,29.567441860465117
45,64,2020-11-24,AAVE,2.452205882352941,9.477301343725605,81.4,56.160880018429594,33.19460269865068
46,46,2020-11-25,AAVE,2.4735264735264737,9.57316815122091,76.0,59.57441658221347,30.72536348949919
47,43,2020-11-26,AAVE,2.582608695652174,10.678694216057382,85.9,75.13166221152481,33.26094276094276
48,56,2020-11-27,AAVE,2.589981447124304,9.648067712480666,81.3,57.226742000571726,31.390186246418338
49,52,2020-11-28,AAVE,2.402802101576182,9.045251466212013,76.3,56.42901145096672,31.754591836734694
50,59,2020-11-29,AAVE,2.5423037716615697,9.29436379537007,73.0,56.16839759944099,28.71411387329591
51,92,2020-11-30,AAVE,2.522906793048973,10.827276187787938,92.8,79.208304839553,36.782968065122105
52,50,2020-12-01,AAVE,2.5793650793650795,9.30705655306118,75.5,53.18573325829232,29.27076923076923
53,88,2020-12-02,AAVE,2.549490101979604,13.33627919537709,127.0,118.08377440519835,49.81388235294118
54,79,2020-12-03,AAVE,2.5460399227301997,12.51856760526436,114.3,106.7239950110148,44.8932473444613
55,59,2020-12-04,AAVE,2.5547675334909377,10.756387716173311,87.7,81.81693657862722,34.327976557680444
56,72,2020-12-05,AAVE,2.4102296450939455,10.983052681907143,115.4,91.10823843709805,47.879255088783026
57,114,2020-12-06,AAVE,2.179478719894424,14.894019039888212,157.7,207.39176561388456,72.35675143808659
58,88,2020-12-07,AAVE,2.3703703703703702,11.171669837617568,96.3,101.6847524896869,40.6265625
59,80,2020-12-08,AAVE,2.429352068696331,9.447381265884099,77.1,72.99687968978157,31.736857326478145
60,55,2020-12-09,AAVE,2.4921077065923862,10.21894074361285,73.9,77.87946527237531,29.65361400894188
61,53,2020-12-10,AAVE,2.5463709677419355,9.756772955337382,70.4,68.31333040564712,27.647189231987333
62,42,2020-12-11,AAVE,2.5541044776119404,11.266936082349616,81.3,86.06205771289562,31.831117604090576
63,65,2020-12-12,AAVE,2.4178019981834695,9.402118285540825,69.3,70.80340544226824,28.662396694214877
64,66,2020-12-13,AAVE,2.4918743228602382,9.949911926785237,68.9,68.51836736720064,27.649869565217394
65,57,2020-12-14,AAVE,2.4367567567567567,10.592181950585898,68.3,78.81913191323255,28.029059449866903
66,58,2020-12-15,AAVE,2.3879003558718863,9.703754193815634,66.3,80.67913126839072,27.76497764530551
67,122,2020-12-16,AAVE,2.2797619047619047,8.322938154664216,87.9,60.9379465795602,38.55665796344648
68,118,2020-12-17,AAVE,2.1856540084388185,7.481292048303986,74.0,48.062459362791664,33.85714285714286
69,157,2020-12-18,AAVE,2.1448140900195694,7.528529344699676,75.4,54.78888776222987,35.15456204379562
70,166,2020-12-19,AAVE,2.2428734321550743,8.684576486479893,89.2,71.58025798593725,39.77041179461108
71,130,2020-12-20,AAVE,2.2237474262182566,8.656805838227807,78.4,69.91455102083145,35.25580246913581
72,100,2020-12-21,AAVE,2.21193232413179,7.341404574678195,57.4,53.15846331697543,25.95016103059581
73,94,2020-12-22,AAVE,2.255639097744361,7.429252407512054,62.8,52.4739088606053,27.84133333333333
74,111,2020-12-23,AAVE,2.260938743038982,7.153593151552089,62.8,49.4902908547615,27.776073187895847
75,115,2020-12-24,AAVE,2.2184189079054604,7.2072253788291345,64.0,48.01851494765095,28.84937545922116
76,100,2020-12-25,AAVE,2.2133333333333334,6.31537030814604,51.1,39.19311163967464,23.087349397590362
77,113,2020-12-26,AAVE,2.2490622655663914,7.443950288103939,66.7,53.072382439247804,29.656804536357576
78,107,2020-12-27,AAVE,2.1995249406175774,7.139415365078904,64.0,48.49513148531281,29.097192224622027
79,122,2020-12-28,AAVE,2.194401244167963,6.526175949251729,62.4,38.12319212471298,28.436002834868884
80,115,2020-12-29,AAVE,2.1594996090695857,6.867597712516627,64.7,42.742250759640626,29.960644460535843
81,102,2020-12-30,AAVE,2.702788006312467,12.550006819531557,132.3,112.46041278798707,48.94945504087194
82,112,2020-12-31,AAVE,2.314814814814815,7.205112812635172,74.9,37.907636287282386,32.3568
83,129,2021-01-01,AAVE,2.263973063973064,7.436909960238009,78.2,43.59357750861932,34.541046995835806
84,123,2021-01-02,AAVE,2.2688524590163937,7.5310281394468195,82.0,40.95526014242045,36.141618497109825
85,130,2021-01-03,AAVE,2.2766845557543234,8.215243499461959,94.6,44.769036919132695,41.551650078575165
86,163,2021-01-04,AAVE,2.2924865831842576,9.63264197393615,127.8,62.99523791525832,55.74732735076083
87,190,2021-01-05,AAVE,2.2282430213464695,9.405514064489608,128.7,65.73862385741481,57.758511422254976
88,145,2021-01-06,AAVE,2.2514177693761814,9.183762156692145,115.3,64.0365347108803,51.21217464315701
89,178,2021-01-07,AAVE,2.202972834443875,8.255833143984272,102.0,50.68859174738763,46.30107026523965
90,147,2021-01-08,AAVE,2.229119638826185,7.811766936417458,89.8,50.01510882834417,40.28496202531645
91,188,2021-01-09,AAVE,2.15,9.480694227870256,107.6,79.55319673722177,50.04651162790697
92,181,2021-01-10,AAVE,2.348144754924416,9.724561634616197,120.9,73.89700039018273,51.487456106125634
93,109,2021-01-11,AAVE,2.3337874659400546,7.430131003041416,76.7,42.66940095405345,32.865032107413896
94,169,2021-01-12,AAVE,2.314331379861481,8.074167938076666,89.6,58.195456103643615,38.715285451197055
95,230,2021-01-13,AAVE,2.2676767676767677,9.081288050903085,113.7,74.60719357631228,50.139420935412026
96,184,2021-01-14,AAVE,2.2931114193250117,8.408295300553613,103.5,57.517630147440684,45.1351814516129
97,217,2021-01-15,AAVE,2.226240148354196,7.714574153085426,88.9,62.086767242840615,39.93279883381924
98,362,2021-01-16,AAVE,2.2136822022349416,10.268670964048363,146.5,116.29392837881855,66.17932775178527
99,263,2021-01-17,AAVE,2.1653333333333333,9.400559575110814,112.3,98.1360167205587,51.862684729064036
100,187,2021-01-18,AAVE,2.1883942766295705,8.96018809073878,101.4,93.17510397096427,46.33534326189612
101,206,2021-01-19,AAVE,2.211635750421585,8.16638858436656,97.8,70.56092717959737,44.22066336256195
102,176,2021-01-20,AAVE,2.2007797270955165,8.137449132104173,87.6,72.8898712670926,39.80407440212577
103,188,2021-01-21,AAVE,2.3394973921289712,8.005895594084791,94.7,58.63076553027999,40.478779894608834
104,185,2021-01-22,AAVE,2.194861851672322,8.301416375462946,88.0,78.07261577104569,40.09363957597173
105,225,2021-01-23,AAVE,2.220570981619085,8.56101176976528,101.4,86.5052342668093,45.6639309616062
106,377,2021-01-24,AAVE,2.240584341474549,12.322441421277885,184.2,173.4837808621377,82.21069682151588
107,330,2021-01-25,AAVE,2.2164157909684747,8.971784862949857,129.8,90.27833504101513,58.56301896463353
108,320,2021-01-26,AAVE,2.2264623084141384,8.824956811856351,113.9,100.31445005027386,51.15738971621242
109,284,2021-01-27,AAVE,2.197281062282643,8.879488631010508,115.9,97.64157812007024,52.74700719424461
110,328,2021-01-28,AAVE,2.187093275488069,9.080881564684155,136.4,94.0723126110972,62.365881477808095
111,327,2021-01-29,AAVE,2.169544740973312,8.145756317542853,130.8,70.82654869468087,60.289146164978305
112,348,2021-01-30,AAVE,2.145580589254766,9.622215074269256,154.1,104.91525680810732,71.82205169628432
113,306,2021-01-31,AAVE,2.1035527402919305,8.499604012322724,127.4,85.92011793908728,60.564205289342766
114,305,2021-02-01,AAVE,2.0721649484536084,7.607259348533675,105.8,73.64750882111053,51.057711442786065
115,269,2021-02-02,AAVE,2.100966033032097,7.880523179028626,112.7,75.88595244034154,53.64199050726788
116,302,2021-02-03,AAVE,2.1380690345172586,8.90066642844122,144.7,85.97939029532341,67.67788956481047
117,481,2021-02-04,AAVE,2.1725188391855057,10.830657329369183,210.4,144.7029140457556,96.84611070110702
118,380,2021-02-05,AAVE,2.126737678281278,8.98513107199784,165.2,104.45605136451725,77.6776570458404
119,383,2021-02-06,AAVE,2.1441928111365054,9.385946700647107,152.5,120.8003403232881,71.12233527131782
120,287,2021-02-07,AAVE,2.1942110177404297,8.917244983618705,137.2,107.60090871156969,62.52817021276595
121,238,2021-02-08,AAVE,2.2259859666102106,8.554858691874541,134.5,93.19662607150063,60.42266304347826
122,216,2021-02-09,AAVE,2.2095914742451153,7.46659070970029,125.0,76.9963924118815,56.571543408360135
123,213,2021-02-10,AAVE,2.3050091259379437,8.112285855425624,136.3,85.80734234318179,59.13208692591941
124,221,2021-02-11,AAVE,2.2424767265641914,9.063517096238769,172.6,59.52441142552823,76.96846881637381
125,279,2021-02-12,AAVE,2.1682793437105596,10.31142850741192,166.8,141.08452942985792,76.92735739231665
126,275,2021-02-13,AAVE,2.1660205245153934,7.119533648031547,115.6,71.27443050943617,53.36976205516951
127,280,2021-02-14,AAVE,2.1846073842953717,8.036440554742034,124.4,83.27090995326306,56.94387050702214
128,259,2021-02-15,AAVE,2.158569140416444,7.862466140673242,111.3,76.31084093655662,51.561934207271825
129,291,2021-02-16,AAVE,2.145316180467476,6.360008030079693,111.0,63.212164792686686,51.740625
130,203,2021-02-17,AAVE,2.234102419808666,7.651375576264124,113.3,75.20941134961471,50.713879093199
131,186,2021-02-18,AAVE,2.204480908804039,6.972064938816342,99.4,56.62782982872566,45.089979959919845
132,259,2021-02-19,AAVE,2.160387513455328,7.112713184177091,108.0,67.16811412832398,49.99103139013454
133,245,2021-02-20,AAVE,2.277790945721735,7.280279699405525,117.7,58.01733457434177,51.67287200832466
134,199,2021-02-21,AAVE,2.2378610940381067,7.059056478206127,105.5,50.11819363597748,47.14322988190058
135,206,2021-02-22,AAVE,2.300756827903916,7.054362132880142,97.7,53.41046505861729,42.46428775743707
136,186,2021-02-23,AAVE,2.2771952817824377,7.530588617550975,104.3,60.44841694462404,45.801956834532376
137,179,2021-02-24,AAVE,2.2459016393442623,6.929613177510559,96.3,52.61611497968617,42.87810218978102
138,139,2021-02-25,AAVE,2.223015873015873,6.20781643946992,80.4,43.8005580887834,36.16708318457694
139,154,2021-02-26,AAVE,2.326975476839237,6.7350659937818955,85.2,51.23106696353515,36.614051522248246
140,162,2021-02-27,AAVE,2.1838827838827837,6.570688178944507,87.6,52.900745636416964,40.112042938611204
141,167,2021-02-28,AAVE,2.275278738946559,7.140213862960215,96.6,50.99063094769905,42.45633660020277
142,155,2021-03-01,AAVE,2.3344456803856137,7.024077127578756,92.9,53.31968575384602,39.79531448538755
143,147,2021-03-02,AAVE,2.267153284671533,6.608889203245783,91.0,49.43458078893537,40.1384417256922
144,138,2021-03-03,AAVE,2.1929395316322964,10.090352267072108,119.5,120.85827328827027,54.49306662416321
145,141,2021-03-04,AAVE,2.2819383259911894,6.2289876084319244,80.2,38.38923460207736,35.145559845559845
146,93,2021-03-05,AAVE,2.290145072536268,6.059172509548093,68.0,43.914057480998544,29.692442114460466
147,111,2021-03-06,AAVE,2.319366852886406,6.3839617079412925,79.9,37.80196937844494,34.449056603773585
148,108,2021-03-07,AAVE,2.684993531694696,14.705137937245865,170.7,194.93192543951224,63.575572151288846
149,98,2021-03-08,AAVE,2.3976510067114094,7.651588137523148,93.9,63.065133878484005,39.16333100069979
150,116,2021-03-09,AAVE,2.2666263603385732,6.069919078061083,82.2,43.99444409367064,36.26535076020272
151,110,2021-03-10,AAVE,2.310482087571871,6.681835155904317,83.0,43.88368464221957,35.92323889739663
152,120,2021-03-11,AAVE,2.266211604095563,5.554459797410885,64.1,31.416379309030646,28.285090361445782
153,111,2021-03-12,AAVE,2.3201219512195124,9.522994174945037,107.7,107.22152561662027,46.41997371879106
154,134,2021-03-13,AAVE,2.2439848037146475,6.491320113608192,82.8,44.658705758228145,36.89864559819413
155,100,2021-03-14,AAVE,2.2758620689655173,5.631018127570582,65.5,31.135010661454558,28.780303030303028
156,122,2021-03-15,AAVE,2.144298688193744,5.761135019802383,64.9,38.94283559840557,30.266305882352942
157,130,2021-03-16,AAVE,2.092925910422771,14.4234444488413,122.1,195.46494428527188,58.33938
158,117,2021-03-17,AAVE,2.1377848436671965,7.278440976185615,73.1,67.637021420718,34.19427367377293
159,113,2021-03-18,AAVE,2.1682619647355166,7.587852415945833,78.0,72.34638899074369,35.97351301115241
160,132,2021-03-19,AAVE,2.130841121495327,10.375136705498134,90.8,125.41468990690223,42.612280701754386
161,149,2021-03-20,AAVE,2.1348667015159437,5.1475714503347385,56.0,34.80421430420939,26.23114593535749
162,134,2021-03-21,AAVE,2.0981033355134073,4.778283423323556,48.8,27.712011034126622,23.259102244389027
163,112,2021-03-22,AAVE,2.1828220858895704,5.663227155614195,61.1,32.105555074888,27.991287240022487
164,120,2021-03-23,AAVE,2.174228675136116,12.460069607731024,109.6,154.47991599054046,50.40868113522537
165,113,2021-03-24,AAVE,2.2070372259051503,9.839786554177808,89.9,105.79482238958788,40.733341035120155
166,93,2021-03-25,AAVE,2.172491544532131,8.856225089479077,79.1,88.99119806662529,36.40980799169694
167,105,2021-03-26,AAVE,2.1874740771464123,16.414638514416005,128.7,230.74615682365956,58.834982935153576
168,125,2021-03-27,AAVE,2.1040419161676644,21.508699156472566,155.5,331.8591568723093,73.90537175382427
169,106,2021-03-28,AAVE,2.216611295681063,5.472573342383853,54.0,35.99382663118157,24.361510791366907
170,108,2021-03-29,AAVE,2.279263220439691,6.306987343400726,64.7,43.56871966598666,28.386366006256516
171,89,2021-03-30,AAVE,2.20601733809281,10.835617030249406,92.8,123.42861184596634,42.0667591308368
172,98,2021-03-31,AAVE,2.271273192578375,4.866790185883177,48.8,26.922935286562726,21.48574647887324
173,79,2021-04-01,AAVE,2.360763660302831,4.931300202033814,49.7,20.720628476097062,21.05250976017847
174,91,2021-04-02,AAVE,2.3079625292740045,5.531504894946305,59.8,31.176201749981598,25.910299340436328
175,106,2021-04-03,AAVE,2.326601269474899,5.094326400900596,53.6,26.175476224045205,23.037896825396828
176,98,2021-04-04,AAVE,2.235009085402786,5.067353410886893,54.0,26.562295750848712,24.1609756097561
177,99,2021-04-05,AAVE,2.3205128205128207,4.8433006809544334,51.4,20.993120566297694,22.15027624309392
178,99,2021-04-06,AAVE,2.3245367770915215,5.594360008121805,61.9,32.14705792655579,26.628961352657004
179,107,2021-04-07,AAVE,2.430467397576457,5.697375480694343,61.2,27.013576833387567,25.180341880341885
180,123,2021-04-08,AAVE,2.1473684210526316,4.911668724865056,52.4,26.035019151562423,24.401960784313726
181,134,2021-04-09,AAVE,2.1529126213592233,4.661685216586606,49.6,23.40560236828401,23.038556933483655
182,130,2021-04-10,AAVE,2.2436929683306497,5.3543282527125555,61.2,27.17760515980432,27.27645933014354
183,164,2021-04-11,AAVE,2.1624154086413325,4.971341116448929,57.4,24.545649082655952,26.54439094848339
184,131,2021-04-12,AAVE,2.490771812080537,7.786217122534956,88.0,73.1193848746312,35.33041428090266
185,117,2021-04-13,AAVE,2.341845140032949,6.036909838752457,73.0,34.27341049073854,31.172001406964473
186,120,2021-04-14,AAVE,2.3623326959847035,5.912616984562887,67.6,34.157153147051226,28.615783083771753
187,158,2021-04-15,AAVE,2.3815881939564303,7.065239427094065,89.6,47.08904095198561,37.62195337857774
188,100,2021-04-16,AAVE,2.344232515894641,5.175742522149764,59.9,19.79028942576524,25.552072839984504
189,87,2021-04-17,AAVE,2.252723311546841,5.567653583107757,62.2,32.42701205956403,27.6110251450677
190,93,2021-04-18,AAVE,2.5222457627118646,6.563095812525773,70.9,37.848968868972435,28.10986980260395
191,99,2021-04-19,AAVE,2.350592638802246,5.119603637866634,53.3,20.65080036113747,22.675132696390655
192,78,2021-04-20,AAVE,2.4419161676646706,4.995016442015015,52.6,16.31767957359951,21.54046101029917
193,88,2021-04-21,AAVE,2.376045794804051,5.868412302120732,70.3,30.69943901043724,29.586971830985917
194,100,2021-04-22,AAVE,2.5175023651844843,6.454979052861096,76.7,27.77308849307985,30.466704246523864
195,111,2021-04-23,AAVE,2.4659034345445496,6.102050239397677,68.7,31.034210513918705,27.859971740008074
196,114,2021-04-24,AAVE,2.3118908382066277,7.6976757864109,89.1,59.94895977227443,38.53988195615514
197,154,2021-04-25,AAVE,2.313274336283186,7.216202128588643,87.3,54.3283228773599,37.738714613618974
198,130,2021-04-26,AAVE,2.4638838475499094,7.879612433349187,103.8,57.8269448921137,42.12860931054802
199,134,2021-04-27,AAVE,2.428129829984544,7.587949272275923,98.0,57.094463635082676,40.36028007638447
200,141,2021-04-28,AAVE,2.4107142857142856,6.783966930362036,93.3,44.13627885437456,38.702222222222225
201,103,2021-04-29,AAVE,2.537178909418657,7.929117981574495,99.8,45.63819063508593,39.33502664298401
202,83,2021-04-30,AAVE,2.4743811168681633,11.70546541081125,108.4,109.68358532109028,43.808934388087486
203,140,2021-05-01,AAVE,2.4617860016090103,12.726054480628537,147.8,132.66901170456748,60.037712418300664
204,126,2021-05-02,AAVE,2.3992449268522886,11.143332605808888,116.5,110.7943540478886,48.55694335169159
205,124,2021-05-03,AAVE,2.5065055762081783,13.281067520967094,133.0,141.8042469196337,53.061920652576944
206,107,2021-05-04,AAVE,2.5458422174840085,12.894175585780966,118.4,131.083688280935,46.507202680067
207,106,2021-05-05,AAVE,2.4705882352941178,12.213498535237983,111.8,123.44031396229965,45.252380952380946
208,88,2021-05-06,AAVE,2.5786963434022256,12.691461872067928,112.9,129.8336114673957,43.78181257706535
209,79,2021-05-07,AAVE,2.5260744985673353,12.329736366165124,104.0,125.10706525923217,41.170598911070776
210,61,2021-05-08,AAVE,2.4452554744525545,12.547714460182817,86.8,121.4585434532202,35.497313432835824
211,68,2021-05-09,AAVE,2.49890590809628,10.953543184336922,83.9,96.2698175846292,33.57469352014011
212,59,2021-05-10,AAVE,2.411497730711044,12.4364895344839,86.9,116.46120002434765,36.035696361355086
213,38,2021-05-11,AAVE,2.388088376560999,10.388936991961849,68.2,83.1742481514294,28.55840707964602
214,116,2021-05-12,AAVE,2.557452699584679,13.262750570515763,126.6,146.9256803814621,49.50238181162035
215,126,2021-05-13,AAVE,2.5727773406766326,12.823231884013586,143.1,136.8831212709912,55.620825688073396
216,96,2021-05-14,AAVE,2.5255544840887176,12.05180859882996,121.6,118.75577178955696,48.14784268804887
217,111,2021-05-15,AAVE,2.526044352759154,12.463640302800993,122.0,122.42276476756001,48.2968558595345
218,110,2021-05-16,AAVE,2.5158421345191773,10.817612695867806,101.9,97.28703236642933,40.5033362792753
219,126,2021-05-17,AAVE,2.6436077057793343,12.33543263269926,127.4,124.86988783885765,48.191719112288844
220,176,2021-05-18,AAVE,2.581770319183942,13.88594363272951,172.0,154.98171935210078,66.6209533520265
221,137,2021-05-19,AAVE,2.6365503080082138,12.466311992114127,146.0,121.38551991256801,55.375389408099686
222,95,2021-05-20,AAVE,2.6344086021505375,13.05125017272266,145.2,123.63728312195224,55.11673469387755
223,113,2021-05-21,AAVE,2.59679037111334,11.579386746289785,127.3,95.96532938746392,49.02205484743144
224,126,2021-05-22,AAVE,2.5616570327552988,11.391375048426143,126.2,97.03241153804684,49.264986837156826
225,105,2021-05-23,AAVE,2.7082125603864733,11.338667239313613,121.5,96.86101153485625,44.86353906528719
226,109,2021-05-24,AAVE,2.6595932802829356,12.693715893582848,146.2,111.39698779091331,54.970811170212755
227,110,2021-05-25,AAVE,2.5809167446211414,12.536749934700978,139.4,115.18506847677786,54.01181587531714
228,121,2021-05-26,AAVE,2.6032719836400817,12.795782134733287,129.2,122.52872679045062,49.62985074626865
229,109,2021-05-27,AAVE,2.590354445090064,11.627658482811555,111.6,102.88742499558543,43.0829071332436
230,89,2021-05-28,AAVE,2.666256914566687,11.152465061147046,110.0,87.08361243974412,41.256339326878745
231,107,2021-05-29,AAVE,2.3173114497850724,21.33844646496693,195.2,293.8611917215337,84.23554806070825
232,97,2021-05-30,AAVE,2.5178791615289766,10.360943768340212,104.2,79.6796363222401,41.384035259549464
233,80,2021-05-31,AAVE,2.690994702766333,11.065198476559308,113.9,84.46491710895253,42.326356080489944
234,86,2021-06-01,AAVE,2.6034285714285716,11.267696948688654,116.8,91.61368165654444,44.863915715539946
235,85,2021-06-02,AAVE,2.488830486202365,10.619357305630926,96.3,88.61658986894045,38.6928722280887
236,82,2021-06-03,AAVE,2.5328185328185326,11.162581980925609,104.8,91.42550094050468,41.37682926829268
237,71,2021-06-04,AAVE,2.6300268096514747,11.001669734832761,102.8,86.22683263733317,39.087054026503566
238,76,2021-06-05,AAVE,2.475032010243278,10.275061586870015,107.1,68.67548487067435,43.27216761510605
239,64,2021-06-06,AAVE,2.474617737003058,13.456528144958831,124.0,123.46479480222511,50.108749382105785
240,95,2021-06-07,AAVE,2.5340314136125652,10.51623721427264,112.1,75.63574992466636,44.23780991735537
241,81,2021-06-08,AAVE,2.5836858006042296,10.768144595940026,106.2,84.1847175363003,41.10406922357343
242,65,2021-06-09,AAVE,2.675444371296906,11.517729761705494,112.8,84.72675033436737,42.161220472440945
243,70,2021-06-10,AAVE,2.668052668052668,11.067439129987308,104.0,79.85264206301783,38.97974025974026
244,75,2021-06-11,AAVE,2.667091836734694,11.174665425701328,108.1,84.47544021785266,40.53103778096604
245,85,2021-06-12,AAVE,2.589850746268657,13.207860053089336,121.3,121.6434224371471,46.83667588750576
246,65,2021-06-13,AAVE,2.585825027685493,14.966114951542176,136.0,152.3001422630108,52.594432548179874
247,83,2021-06-14,AAVE,2.6099125364431486,12.506381836158198,121.3,108.7535950874473,46.47665326184093
248,82,2021-06-15,AAVE,2.5648090169067,11.501948790603553,117.4,85.15893637454876,45.773388671875004
249,67,2021-06-16,AAVE,2.586387434554974,10.827660307426289,93.4,83.63040382806031,36.11214574898786
250,61,2021-06-17,AAVE,2.534407027818448,9.966165577332008,91.7,71.1603041652359,36.18203350664356
251,63,2021-06-18,AAVE,2.6540795684423464,10.493476632385361,98.1,77.88659847638887,36.96196646341463
252,63,2021-06-19,AAVE,2.5899159663865547,9.159546440395985,83.0,53.559935275041795,32.04737183646982
253,46,2021-06-20,AAVE,2.6655405405405403,9.367465596998285,79.6,61.93222101620448,29.862610899873257
254,56,2021-06-21,AAVE,2.7387755102040816,10.323616240334214,100.0,67.33003292241385,36.51266766020864
255,76,2021-06-22,AAVE,2.809972299168975,11.489603429736798,119.3,89.00568021823725,42.45593454258675
256,67,2021-06-23,AAVE,2.6981382978723403,10.157998490098597,96.4,73.17740999333971,35.72833908329227
257,60,2021-06-24,AAVE,2.6483893077450307,10.738142205296944,100.2,80.21471186758698,37.83431677018634
258,43,2021-06-25,AAVE,2.643696162881754,10.288810679526893,85.3,77.67746706020279,32.265432464454975
259,66,2021-06-26,AAVE,2.621813031161473,10.27013064117072,95.8,71.894676050765,36.53960021609941
260,64,2021-06-27,AAVE,2.6310469314079423,10.543416465609932,93.9,78.78867656938753,35.68921514818881
261,55,2021-06-28,AAVE,2.6385780118499014,10.646635279392237,101.6,79.87518040320438,38.505588822355286
262,60,2021-06-29,AAVE,2.588305489260143,11.077041762200688,113.1,83.57890483449357,43.69654218533886
263,51,2021-06-30,AAVE,2.413793103448276,14.260473154372217,120.7,144.39917666739734,50.004285714285714
264,58,2021-07-01,AAVE,2.5560675883256527,9.558887718189798,80.5,72.18841088891392,31.493689903846157
265,81,2021-07-02,AAVE,2.365329512893983,8.899505924364146,79.7,65.19892637152854,33.695093882495456
266,77,2021-07-03,AAVE,2.5670886075949366,9.771223749238716,97.8,65.90531929299114,38.09763313609467
267,78,2021-07-04,AAVE,2.495402298850575,10.69367946308065,103.4,91.39924628913644,41.436204514048825
268,66,2021-07-05,AAVE,2.694195092758827,10.143365540414427,100.9,70.93103066437926,37.45088849400267
269,73,2021-07-06,AAVE,2.6688172043010754,11.521525832235554,121.3,93.03410366335801,45.4508460918614
270,60,2021-07-07,AAVE,2.5132616487455195,9.163214174996506,84.2,62.123175135281755,33.502281802624076
271,58,2021-07-08,AAVE,2.6933333333333334,9.825978332322324,94.1,62.31185013034572,34.93811881188119
272,71,2021-07-09,AAVE,2.638946638946639,9.634545852589206,90.2,66.69466078913497,34.18030462184874
273,53,2021-07-10,AAVE,2.5482315112540195,10.116223483188001,78.2,80.48712802540402,30.687949526813878
274,60,2021-07-11,AAVE,2.4655414908579467,12.415961315123406,95.5,116.11034024199185,38.733884768967485
275,59,2021-07-12,AAVE,2.641509433962264,9.641183638573969,80.4,70.20319714150409,30.43714285714286
276,57,2021-07-13,AAVE,2.5663430420711975,8.405105440506588,75.0,50.642538114382326,29.224464060529634
277,57,2021-07-14,AAVE,2.654320987654321,9.526680105068435,87.7,59.94080413207685,33.04046511627907
278,50,2021-07-15,AAVE,2.523316062176166,8.778798538173222,71.0,60.315835400000886,28.137577002053387
279,62,2021-07-16,AAVE,2.4609733700642793,7.896887846147106,65.5,46.31594397900864,26.615485074626864
280,57,2021-07-17,AAVE,2.406015037593985,7.774733028406254,61.0,49.63869458396343,25.353125000000002
281,59,2021-07-18,AAVE,2.4549763033175354,7.75035111981801,65.4,43.36460410160444,26.639768339768345
282,57,2021-07-19,AAVE,2.5449688334817453,8.202021351765778,67.3,51.2185947136823,26.44433170048985
283,75,2021-07-20,AAVE,2.5830145371078808,8.9236056225512,78.5,60.73485179221418,30.390847156398102
284,59,2021-07-21,AAVE,2.575663026521061,8.603920492580482,75.7,55.575874062202374,29.390490611750455
285,69,2021-07-22,AAVE,2.498447204968944,8.022888629022146,69.6,53.421177656639344,27.85730267246737
286,70,2021-07-23,AAVE,2.593440122044241,9.730266920271815,86.0,67.5359986311827,33.160588235294114
287,53,2021-07-24,AAVE,2.530944625407166,9.022466936509339,74.4,64.10962832870305,29.396138996139
288,38,2021-07-25,AAVE,2.571715145436309,8.186218851425746,65.4,46.85011561707541,25.4304992199688
289,65,2021-07-26,AAVE,2.6103423160961396,9.578528174851991,84.0,69.44062211702888,32.1796875
290,61,2021-07-27,AAVE,2.5294117647058822,9.32278975001165,80.7,64.52398348245747,31.9046511627907
291,78,2021-07-28,AAVE,2.422487223168654,8.478469111828272,71.9,56.82028198138799,29.680239099859357
292,57,2021-07-29,AAVE,2.5401987353206867,8.357677824749857,69.4,51.09511827083985,27.320697012802277
293,60,2021-07-30,AAVE,2.4563189143341817,8.685335905004166,71.5,59.998611095035635,29.10859806629834
294,47,2021-07-31,AAVE,2.466204506065858,8.311226170947705,73.0,49.870944558040115,29.600140548137738
295,73,2021-08-01,AAVE,2.455060728744939,8.793058255058973,75.1,59.71311041601799,30.589874670184695
296,63,2021-08-02,AAVE,2.3380035026269703,7.451833685951059,65.3,43.04532494940653,27.929812734082393
297,43,2021-08-03,AAVE,2.4627606752730884,8.75933773410302,71.4,51.273124864136506,28.99185483870968
298,63,2021-08-04,AAVE,2.4037735849056605,7.824273078229236,62.6,48.71276355672437,26.042386185243327
299,61,2021-08-05,AAVE,2.4907183212267956,8.306703759682511,67.7,57.236449148345244,27.180913804277385
300,56,2021-08-06,AAVE,2.4521072796934864,9.625632666044003,84.4,70.53005663466385,34.419375
301,67,2021-08-07,AAVE,2.4517158818834797,9.556387590435971,84.2,65.92049082880915,34.34329427083333
302,59,2021-08-08,AAVE,2.3941338221814847,8.199156504863845,68.1,51.15434162088948,28.444525267993875
303,55,2021-08-09,AAVE,2.4531104921077067,9.146112693250334,68.2,66.12748630066353,27.801438304314914
304,64,2021-08-10,AAVE,2.4326375711574952,8.682361269559635,64.0,62.252175330130704,26.308892355694226
305,69,2021-08-11,AAVE,2.481675392670157,8.772737823934433,77.4,60.687176020419116,31.188607594936713
306,75,2021-08-12,AAVE,2.404109589041096,7.676250126311354,66.0,46.77843757782235,27.45299145299145
307,67,2021-08-13,AAVE,2.4814814814814814,9.0989756033233,72.5,67.95137150116169,29.216417910447763
308,69,2021-08-14,AAVE,2.289803220035778,8.1144512133001,58.6,62.48590952277874,25.591718750000002
309,85,2021-08-15,AAVE,2.3075471698113206,7.817786771966768,58.0,55.55777773333511,25.134914145543746
310,67,2021-08-16,AAVE,2.476484194294526,8.87027272674605,77.0,62.29142976543581,31.092465753424655
311,62,2021-08-17,AAVE,2.502706883217324,8.74816391730722,71.8,64.16610389363599,28.6889369592089
312,61,2021-08-18,AAVE,2.5770897832817337,12.59870944793115,113.9,113.83365056080737,44.19714079769342
313,71,2021-08-19,AAVE,2.5083399523431296,8.513557056855621,77.4,52.569953395452046,30.857061431285626
314,70,2021-08-20,AAVE,2.487912087912088,9.360922492163496,84.1,67.3885087467523,33.80344522968198
315,85,2021-08-21,AAVE,2.466819221967963,8.719212209501347,77.0,61.40756377588097,31.214285714285715
316,66,2021-08-22,AAVE,2.3636363636363638,7.8987273022453515,58.9,53.542195198428935,24.91923076923077
317,82,2021-08-23,AAVE,2.423076923076923,8.307667176113416,72.3,54.81899508584795,29.83809523809524
318,51,2021-08-24,AAVE,2.544954128440367,8.720762367986037,67.6,59.48893454528609,26.562364816149962
319,66,2021-08-25,AAVE,2.392749244712991,8.099359529796361,56.2,57.56503568428786,23.487626262626264
320,51,2021-08-26,AAVE,2.495967741935484,7.762882517193625,58.1,48.35849919553382,23.277544426494345
321,42,2021-08-27,AAVE,2.4705882352941178,8.865213709075167,62.4,59.89472245346644,25.257142857142856
322,60,2021-08-28,AAVE,2.372340425531915,8.008493950003627,54.8,54.529910243013525,23.099551569506726
323,74,2021-08-29,AAVE,2.2837837837837838,6.619169190611509,46.2,40.20447736260229,20.22958579881657
324,61,2021-08-30,AAVE,2.411473788328388,8.30202330724947,60.1,57.92610234888356,24.922518457752254
325,53,2021-08-31,AAVE,2.3821062441752097,8.452641137620141,61.8,62.37841507017203,25.943427230046947
326,70,2021-09-01,AAVE,2.4297658862876252,8.796304869624203,66.3,67.57391015276038,27.286579490708878
327,92,2021-09-02,AAVE,2.2587601078167117,8.61472916191964,61.3,67.38949802784143,27.138782816229114
328,88,2021-09-03,AAVE,2.239450441609421,7.460279500671737,53.6,52.149784275680375,23.93444347063979
329,84,2021-09-04,AAVE,2.219742489270386,8.50902825176281,64.1,65.81362574219212,28.87722351121423
330,84,2021-09-05,AAVE,2.1955034213098727,7.708034497066394,52.4,57.416993225970224,23.866963490650047
331,84,2021-09-06,AAVE,2.2864864864864867,8.166708535962345,61.2,59.64487497774735,26.76595744680851
332,87,2021-09-07,AAVE,2.4266284896206156,8.50592787650146,80.5,56.409711535830034,33.173598820059
333,59,2021-09-08,AAVE,2.4560747663551403,8.20820253656165,66.5,51.06259774912444,27.07572298325723
334,74,2021-09-09,AAVE,2.4,8.211932282348458,65.0,55.256975426938936,27.083333333333336
335,79,2021-09-10,AAVE,2.332425068119891,7.780414362947074,63.3,49.28612606223198,27.139135514018694
336,75,2021-09-11,AAVE,2.3407534246575343,8.819448601768407,69.5,65.57480884879159,29.691294806144843
337,69,2021-09-12,AAVE,2.3943396226415095,7.616713273665623,57.8,50.67061388133275,24.14026792750197
338,65,2021-09-13,AAVE,2.4272030651340994,7.379031954905472,56.7,45.11725464461093,23.360220994475142
339,81,2021-09-14,AAVE,2.5483383685800605,9.111300797666619,77.7,65.86864032130752,30.49045643153527
340,93,2021-09-15,AAVE,2.496683861459101,8.808819790656484,73.2,66.73962674287128,29.318890200708385
341,58,2021-09-16,AAVE,2.5026737967914436,7.9576539818209415,62.8,53.16598745647655,25.093162393162395
342,55,2021-09-17,AAVE,2.437190900098912,7.860211975459853,57.2,53.29957264785942,23.46964285714286
343,85,2021-09-18,AAVE,2.3529411764705883,6.96978078081192,52.7,42.570333958442625,22.3975
344,56,2021-09-19,AAVE,2.4,7.143468188503333,56.9,41.409741205019216,23.708333333333332
345,68,2021-09-20,AAVE,2.5150375939849625,7.912370454385404,62.7,49.09186400118772,24.930044843049327
346,71,2021-09-21,AAVE,2.393852065321806,7.4218052342934735,58.0,46.657141885127174,24.228731942215088
347,70,2021-09-22,AAVE,2.3582358235823584,8.819992755109793,69.0,62.96736368063132,29.25916030534351
348,62,2021-09-23,AAVE,2.33615221987315,7.1160526179519294,51.6,43.612434516367514,22.08760180995475
349,49,2021-09-24,AAVE,2.481598317560463,8.023611732391155,60.3,49.19586703508064,24.298855932203388
350,62,2021-09-25,AAVE,2.3541666666666665,7.0330356565076135,51.5,44.217266612338975,21.876106194690266
351,40,2021-09-26,AAVE,2.5637860082304527,8.010230666598803,63.9,44.7547638680944,24.924077046548955
352,62,2021-09-27,AAVE,2.4655344655344655,7.54221856876753,58.7,45.367756538463894,23.80822528363047
353,52,2021-09-28,AAVE,2.4955357142857144,7.23137037345308,55.0,39.35027883566322,22.039355992844364
354,63,2021-09-29,AAVE,2.3642691415313224,6.509496278493327,47.6,35.509623108860694,20.13307163886163
355,53,2021-09-30,AAVE,2.383132530120482,6.954805322602191,48.0,40.74309757492672,20.141557128412536
356,47,2021-10-01,AAVE,2.4759671746776086,7.469402164414213,51.2,45.19291979945532,20.67878787878788
357,53,2021-10-02,AAVE,2.344422700587084,7.871816052359772,59.1,51.9817275588259,25.208764607679466
358,55,2021-10-03,AAVE,2.2972067039106143,6.703612086596385,46.2,42.89988344972513,20.1113813229572
359,65,2021-10-04,AAVE,2.379014989293362,7.1163827334381455,52.7,41.737406616979825,22.152025202520253
360,67,2021-10-05,AAVE,2.3879310344827585,7.404504942897511,52.7,46.70248625311315,22.069314079422384
361,67,2021-10-06,AAVE,2.2582781456953644,6.934863712539473,50.2,41.59807687862505,22.22932551319648
362,66,2021-10-07,AAVE,2.249126891734575,6.8330649937508605,47.3,41.263516304088505,21.030383022774327
363,62,2021-10-08,AAVE,2.3642311886586698,6.657099403682647,51.3,34.833094098062034,21.698385608856086
364,62,2021-10-09,AAVE,2.3423423423423424,6.543405324795501,47.9,35.208742601171586,20.449615384615385
